<!-- edited with XML Spy v4.1 U (http://www.xmlspy.com) by CMCSoft-->
<!DOCTYPE Sections SYSTEM "..\..\InterfaceTemplates\Schema.dtd">
<Sections Version="320">
	<Section Dynamic="0" MaxRows="0">
		<Cells>
			<Cell CellID="R_39" CellID2="R_39" Encode="1" Value="0"/>
			<Cell CellID="V_39" CellID2="V_39" Encode="1" Value="0"/>
			<Cell CellID="Z_39" CellID2="Z_39" Encode="1" Value="4000000000"/>
			<Cell CellID="AD_39" CellID2="AD_39" Encode="1" Value="0"/>
			<Cell CellID="AH_39" CellID2="AH_39" Encode="1" Value="4000000000"/>
			<Cell CellID="AM_39" CellID2="AM_39" Encode="1" Value="0"/>
			<Cell CellID="R_40" CellID2="R_40" Encode="1" Value="0"/>
			<Cell CellID="V_40" CellID2="V_40" Encode="1" Value="0"/>
			<Cell CellID="Z_40" CellID2="Z_40" Encode="1" Value="4000000000"/>
			<Cell CellID="AD_40" CellID2="AD_40" Encode="1" Value="0"/>
			<Cell CellID="AH_40" CellID2="AH_40" Encode="1" Value="4000000000"/>
			<Cell CellID="AM_40" CellID2="AM_40" Encode="1" Value="0"/>
			<Cell CellID="R_41" CellID2="R_41" Encode="1" Value="0"/>
			<Cell CellID="V_41" CellID2="V_41" Encode="1" Value="0"/>
			<Cell CellID="Z_41" CellID2="Z_41" Encode="1" Value="0"/>
			<Cell CellID="AD_41" CellID2="AD_41" Encode="1" Value="0"/>
			<Cell CellID="AH_41" CellID2="AH_41" Encode="1" Value="0"/>
			<Cell CellID="AM_41" CellID2="AM_41" Encode="1" Value="0"/>
			<Cell CellID="R_42" CellID2="R_42" Encode="1" Value="0"/>
			<Cell CellID="V_42" CellID2="V_42" Encode="1" Value="0"/>
			<Cell CellID="Z_42" CellID2="Z_42" Encode="1" Value="0"/>
			<Cell CellID="AD_42" CellID2="AD_42" Encode="1" Value="0"/>
			<Cell CellID="AH_42" CellID2="AH_42" Encode="1" Value="0"/>
			<Cell CellID="AM_42" CellID2="AM_42" Encode="1" Value="0"/>
			<Cell CellID="R_43" CellID2="R_43" Encode="1" Value="0"/>
			<Cell CellID="V_43" CellID2="V_43" Encode="1" Value="0"/>
			<Cell CellID="Z_43" CellID2="Z_43" Encode="1" Value="0"/>
			<Cell CellID="AD_43" CellID2="AD_43" Encode="1" Value="0"/>
			<Cell CellID="AH_43" CellID2="AH_43" Encode="1" Value="0"/>
			<Cell CellID="AM_43" CellID2="AM_43" Encode="1" Value="0"/>
			<Cell CellID="R_44" CellID2="R_44" Encode="1" Value="0"/>
			<Cell CellID="V_44" CellID2="V_44" Encode="1" Value="0"/>
			<Cell CellID="Z_44" CellID2="Z_44" Encode="1" Value="0"/>
			<Cell CellID="AD_44" CellID2="AD_44" Encode="1" Value="0"/>
			<Cell CellID="AH_44" CellID2="AH_44" Encode="1" Value="0"/>
			<Cell CellID="AM_44" CellID2="AM_44" Encode="1" Value="0"/>
			<Cell CellID="R_45" CellID2="R_45" Encode="1" Value="0"/>
			<Cell CellID="V_45" CellID2="V_45" Encode="1" Value="0"/>
			<Cell CellID="Z_45" CellID2="Z_45" Encode="1" Value="0"/>
			<Cell CellID="AD_45" CellID2="AD_45" Encode="1" Value="0"/>
			<Cell CellID="AH_45" CellID2="AH_45" Encode="1" Value="0"/>
			<Cell CellID="AM_45" CellID2="AM_45" Encode="1" Value="0"/>
			<Cell CellID="R_46" CellID2="R_46" Encode="1" Value="0"/>
			<Cell CellID="V_46" CellID2="V_46" Encode="1" Value="0"/>
			<Cell CellID="Z_46" CellID2="Z_46" Encode="1" Value="0"/>
			<Cell CellID="AD_46" CellID2="AD_46" Encode="1" Value="0"/>
			<Cell CellID="AH_46" CellID2="AH_46" Encode="1" Value="0"/>
			<Cell CellID="AM_46" CellID2="AM_46" Encode="1" Value="0"/>
			<Cell CellID="R_47" CellID2="R_47" Encode="1" Value="0"/>
			<Cell CellID="V_47" CellID2="V_47" Encode="1" Value="0"/>
			<Cell CellID="Z_47" CellID2="Z_47" Encode="1" Value="0"/>
			<Cell CellID="AD_47" CellID2="AD_47" Encode="1" Value="0"/>
			<Cell CellID="AH_47" CellID2="AH_47" Encode="1" Value="0"/>
			<Cell CellID="AM_47" CellID2="AM_47" Encode="1" Value="0"/>
			<Cell CellID="R_48" CellID2="R_48" Encode="1" Value="0"/>
			<Cell CellID="V_48" CellID2="V_48" Encode="1" Value="0"/>
			<Cell CellID="Z_48" CellID2="Z_48" Encode="1" Value="0"/>
			<Cell CellID="AD_48" CellID2="AD_48" Encode="1" Value="0"/>
			<Cell CellID="AH_48" CellID2="AH_48" Encode="1" Value="0"/>
			<Cell CellID="AM_48" CellID2="AM_48" Encode="1" Value="0"/>
			<Cell CellID="R_49" CellID2="R_49" Encode="1" Value="0"/>
			<Cell CellID="V_49" CellID2="V_49" Encode="1" Value="0"/>
			<Cell CellID="Z_49" CellID2="Z_49" Encode="1" Value="0"/>
			<Cell CellID="AD_49" CellID2="AD_49" Encode="1" Value="0"/>
			<Cell CellID="AH_49" CellID2="AH_49" Encode="1" Value="0"/>
			<Cell CellID="AM_49" CellID2="AM_49" Encode="1" Value="0"/>
			<Cell CellID="R_50" CellID2="R_50" Encode="1" Value="0"/>
			<Cell CellID="V_50" CellID2="V_50" Encode="1" Value="0"/>
			<Cell CellID="Z_50" CellID2="Z_50" Encode="1" Value="0"/>
			<Cell CellID="AD_50" CellID2="AD_50" Encode="1" Value="0"/>
			<Cell CellID="AH_50" CellID2="AH_50" Encode="1" Value="0"/>
			<Cell CellID="AM_50" CellID2="AM_50" Encode="1" Value="0"/>
			<Cell CellID="R_51" CellID2="R_51" Encode="1" Value="0"/>
			<Cell CellID="V_51" CellID2="V_51" Encode="1" Value="0"/>
			<Cell CellID="Z_51" CellID2="Z_51" Encode="1" Value="0"/>
			<Cell CellID="AD_51" CellID2="AD_51" Encode="1" Value="0"/>
			<Cell CellID="AH_51" CellID2="AH_51" Encode="1" Value="0"/>
			<Cell CellID="AM_51" CellID2="AM_51" Encode="1" Value="0"/>
			<Cell CellID="R_52" CellID2="R_52" Encode="1" Value="0"/>
			<Cell CellID="V_52" CellID2="V_52" Encode="1" Value="0"/>
			<Cell CellID="Z_52" CellID2="Z_52" Encode="1" Value="0"/>
			<Cell CellID="AD_52" CellID2="AD_52" Encode="1" Value="0"/>
			<Cell CellID="AH_52" CellID2="AH_52" Encode="1" Value="0"/>
			<Cell CellID="AM_52" CellID2="AM_52" Encode="1" Value="0"/>
			<Cell CellID="R_53" CellID2="R_53" Encode="1" Value="0"/>
			<Cell CellID="V_53" CellID2="V_53" Encode="1" Value="0"/>
			<Cell CellID="Z_53" CellID2="Z_53" Encode="1" Value="0"/>
			<Cell CellID="AD_53" CellID2="AD_53" Encode="1" Value="0"/>
			<Cell CellID="AH_53" CellID2="AH_53" Encode="1" Value="0"/>
			<Cell CellID="AM_53" CellID2="AM_53" Encode="1" Value="0"/>
			<Cell CellID="R_54" CellID2="R_54" Encode="1" Value="0"/>
			<Cell CellID="V_54" CellID2="V_54" Encode="1" Value="0"/>
			<Cell CellID="Z_54" CellID2="Z_54" Encode="1" Value="0"/>
			<Cell CellID="AD_54" CellID2="AD_54" Encode="1" Value="0"/>
			<Cell CellID="AH_54" CellID2="AH_54" Encode="1" Value="0"/>
			<Cell CellID="AM_54" CellID2="AM_54" Encode="1" Value="0"/>
			<Cell CellID="R_55" CellID2="R_55" Encode="1" Value="0"/>
			<Cell CellID="V_55" CellID2="V_55" Encode="1" Value="0"/>
			<Cell CellID="Z_55" CellID2="Z_55" Encode="1" Value="0"/>
			<Cell CellID="AD_55" CellID2="AD_55" Encode="1" Value="0"/>
			<Cell CellID="AH_55" CellID2="AH_55" Encode="1" Value="0"/>
			<Cell CellID="AM_55" CellID2="AM_55" Encode="1" Value="0"/>
			<Cell CellID="R_56" CellID2="R_56" Encode="1" Value="0"/>
			<Cell CellID="V_56" CellID2="V_56" Encode="1" Value="0"/>
			<Cell CellID="Z_56" CellID2="Z_56" Encode="1" Value="0"/>
			<Cell CellID="AD_56" CellID2="AD_56" Encode="1" Value="0"/>
			<Cell CellID="AH_56" CellID2="AH_56" Encode="1" Value="0"/>
			<Cell CellID="AM_56" CellID2="AM_56" Encode="1" Value="0"/>
			<Cell CellID="R_57" CellID2="R_57" Encode="1" Value="0"/>
			<Cell CellID="V_57" CellID2="V_57" Encode="1" Value="0"/>
			<Cell CellID="Z_57" CellID2="Z_57" Encode="1" Value="0"/>
			<Cell CellID="AD_57" CellID2="AD_57" Encode="1" Value="0"/>
			<Cell CellID="AH_57" CellID2="AH_57" Encode="1" Value="0"/>
			<Cell CellID="AM_57" CellID2="AM_57" Encode="1" Value="0"/>
			<Cell CellID="R_58" CellID2="R_58" Encode="1" Value="0"/>
			<Cell CellID="V_58" CellID2="V_58" Encode="1" Value="0"/>
			<Cell CellID="Z_58" CellID2="Z_58" Encode="1" Value="0"/>
			<Cell CellID="AD_58" CellID2="AD_58" Encode="1" Value="0"/>
			<Cell CellID="AH_58" CellID2="AH_58" Encode="1" Value="0"/>
			<Cell CellID="AM_58" CellID2="AM_58" Encode="1" Value="0"/>
			<Cell CellID="R_59" CellID2="R_59" Encode="1" Value="0"/>
			<Cell CellID="V_59" CellID2="V_59" Encode="1" Value="0"/>
			<Cell CellID="Z_59" CellID2="Z_59" Encode="1" Value="0"/>
			<Cell CellID="AD_59" CellID2="AD_59" Encode="1" Value="0"/>
			<Cell CellID="AH_59" CellID2="AH_59" Encode="1" Value="0"/>
			<Cell CellID="AM_59" CellID2="AM_59" Encode="1" Value="0"/>
			<Cell CellID="R_60" CellID2="R_60" Encode="1" Value="0"/>
			<Cell CellID="V_60" CellID2="V_60" Encode="1" Value="0"/>
			<Cell CellID="Z_60" CellID2="Z_60" Encode="1" Value="0"/>
			<Cell CellID="AD_60" CellID2="AD_60" Encode="1" Value="0"/>
			<Cell CellID="AH_60" CellID2="AH_60" Encode="1" Value="0"/>
			<Cell CellID="AM_60" CellID2="AM_60" Encode="1" Value="0"/>
			<Cell CellID="R_61" CellID2="R_61" Encode="1" Value="0"/>
			<Cell CellID="V_61" CellID2="V_61" Encode="1" Value="0"/>
			<Cell CellID="Z_61" CellID2="Z_61" Encode="1" Value="0"/>
			<Cell CellID="AD_61" CellID2="AD_61" Encode="1" Value="0"/>
			<Cell CellID="AH_61" CellID2="AH_61" Encode="1" Value="0"/>
			<Cell CellID="AM_61" CellID2="AM_61" Encode="1" Value="0"/>
			<Cell CellID="R_62" CellID2="R_62" Encode="1" Value="0"/>
			<Cell CellID="V_62" CellID2="V_62" Encode="1" Value="0"/>
			<Cell CellID="Z_62" CellID2="Z_62" Encode="1" Value="0"/>
			<Cell CellID="AD_62" CellID2="AD_62" Encode="1" Value="0"/>
			<Cell CellID="AH_62" CellID2="AH_62" Encode="1" Value="0"/>
			<Cell CellID="AM_62" CellID2="AM_62" Encode="1" Value="0"/>
			<Cell CellID="R_63" CellID2="R_63" Encode="1" Value="0"/>
			<Cell CellID="V_63" CellID2="V_63" Encode="1" Value="0"/>
			<Cell CellID="Z_63" CellID2="Z_63" Encode="1" Value="0"/>
			<Cell CellID="AD_63" CellID2="AD_63" Encode="1" Value="0"/>
			<Cell CellID="AH_63" CellID2="AH_63" Encode="1" Value="0"/>
			<Cell CellID="AM_63" CellID2="AM_63" Encode="1" Value="0"/>
			<Cell CellID="R_64" CellID2="R_64" Encode="1" Value="0"/>
			<Cell CellID="V_64" CellID2="V_64" Encode="1" Value="0"/>
			<Cell CellID="Z_64" CellID2="Z_64" Encode="1" Value="0"/>
			<Cell CellID="AD_64" CellID2="AD_64" Encode="1" Value="0"/>
			<Cell CellID="AH_64" CellID2="AH_64" Encode="1" Value="0"/>
			<Cell CellID="AM_64" CellID2="AM_64" Encode="1" Value="0"/>
			<Cell CellID="R_65" CellID2="R_65" Encode="1" Value="0"/>
			<Cell CellID="V_65" CellID2="V_65" Encode="1" Value="0"/>
			<Cell CellID="Z_65" CellID2="Z_65" Encode="1" Value="0"/>
			<Cell CellID="AD_65" CellID2="AD_65" Encode="1" Value="0"/>
			<Cell CellID="AH_65" CellID2="AH_65" Encode="1" Value="0"/>
			<Cell CellID="AM_65" CellID2="AM_65" Encode="1" Value="0"/>
			<Cell CellID="R_66" CellID2="R_66" Encode="1" Value="0"/>
			<Cell CellID="V_66" CellID2="V_66" Encode="1" Value="0"/>
			<Cell CellID="Z_66" CellID2="Z_66" Encode="1" Value="0"/>
			<Cell CellID="AD_66" CellID2="AD_66" Encode="1" Value="0"/>
			<Cell CellID="AH_66" CellID2="AH_66" Encode="1" Value="0"/>
			<Cell CellID="AM_66" CellID2="AM_66" Encode="1" Value="0"/>
			<Cell CellID="R_67" CellID2="R_67" Encode="1" Value="0"/>
			<Cell CellID="V_67" CellID2="V_67" Encode="1" Value="0"/>
			<Cell CellID="Z_67" CellID2="Z_67" Encode="1" Value="0"/>
			<Cell CellID="AD_67" CellID2="AD_67" Encode="1" Value="0"/>
			<Cell CellID="AH_67" CellID2="AH_67" Encode="1" Value="0"/>
			<Cell CellID="AM_67" CellID2="AM_67" Encode="1" Value="0"/>
			<Cell CellID="R_68" CellID2="R_68" Encode="1" Value="0"/>
			<Cell CellID="V_68" CellID2="V_68" Encode="1" Value="0"/>
			<Cell CellID="Z_68" CellID2="Z_68" Encode="1" Value="0"/>
			<Cell CellID="AD_68" CellID2="AD_68" Encode="1" Value="0"/>
			<Cell CellID="AH_68" CellID2="AH_68" Encode="1" Value="0"/>
			<Cell CellID="AM_68" CellID2="AM_68" Encode="1" Value="0"/>
			<Cell CellID="R_69" CellID2="R_69" Encode="1" Value="0"/>
			<Cell CellID="V_69" CellID2="V_69" Encode="1" Value="0"/>
			<Cell CellID="Z_69" CellID2="Z_69" Encode="1" Value="0"/>
			<Cell CellID="AD_69" CellID2="AD_69" Encode="1" Value="0"/>
			<Cell CellID="AH_69" CellID2="AH_69" Encode="1" Value="0"/>
			<Cell CellID="AM_69" CellID2="AM_69" Encode="1" Value="0"/>
			<Cell CellID="R_70" CellID2="R_70" Encode="1" Value="0"/>
			<Cell CellID="V_70" CellID2="V_70" Encode="1" Value="0"/>
			<Cell CellID="Z_70" CellID2="Z_70" Encode="1" Value="0"/>
			<Cell CellID="AD_70" CellID2="AD_70" Encode="1" Value="0"/>
			<Cell CellID="AH_70" CellID2="AH_70" Encode="1" Value="0"/>
			<Cell CellID="AM_70" CellID2="AM_70" Encode="1" Value="0"/>
			<Cell CellID="R_71" CellID2="R_71" Encode="1" Value="0"/>
			<Cell CellID="V_71" CellID2="V_71" Encode="1" Value="0"/>
			<Cell CellID="Z_71" CellID2="Z_71" Encode="1" Value="0"/>
			<Cell CellID="AD_71" CellID2="AD_71" Encode="1" Value="0"/>
			<Cell CellID="AH_71" CellID2="AH_71" Encode="1" Value="0"/>
			<Cell CellID="AM_71" CellID2="AM_71" Encode="1" Value="0"/>
			<Cell CellID="R_72" CellID2="R_72" Encode="1" Value="0"/>
			<Cell CellID="V_72" CellID2="V_72" Encode="1" Value="0"/>
			<Cell CellID="Z_72" CellID2="Z_72" Encode="1" Value="0"/>
			<Cell CellID="AD_72" CellID2="AD_72" Encode="1" Value="0"/>
			<Cell CellID="AH_72" CellID2="AH_72" Encode="1" Value="0"/>
			<Cell CellID="AM_72" CellID2="AM_72" Encode="1" Value="0"/>
			<Cell CellID="R_73" CellID2="R_73" Encode="1" Value="0"/>
			<Cell CellID="V_73" CellID2="V_73" Encode="1" Value="0"/>
			<Cell CellID="Z_73" CellID2="Z_73" Encode="1" Value="0"/>
			<Cell CellID="AD_73" CellID2="AD_73" Encode="1" Value="0"/>
			<Cell CellID="AH_73" CellID2="AH_73" Encode="1" Value="0"/>
			<Cell CellID="AM_73" CellID2="AM_73" Encode="1" Value="0"/>
			<Cell CellID="R_74" CellID2="R_74" Encode="1" Value="0"/>
			<Cell CellID="V_74" CellID2="V_74" Encode="1" Value="0"/>
			<Cell CellID="Z_74" CellID2="Z_74" Encode="1" Value="0"/>
			<Cell CellID="AD_74" CellID2="AD_74" Encode="1" Value="0"/>
			<Cell CellID="AH_74" CellID2="AH_74" Encode="1" Value="0"/>
			<Cell CellID="AM_74" CellID2="AM_74" Encode="1" Value="0"/>
			<Cell CellID="R_75" CellID2="R_75" Encode="1" Value="0"/>
			<Cell CellID="V_75" CellID2="V_75" Encode="1" Value="0"/>
			<Cell CellID="Z_75" CellID2="Z_75" Encode="1" Value="0"/>
			<Cell CellID="AD_75" CellID2="AD_75" Encode="1" Value="0"/>
			<Cell CellID="AH_75" CellID2="AH_75" Encode="1" Value="0"/>
			<Cell CellID="AM_75" CellID2="AM_75" Encode="1" Value="0"/>
			<Cell CellID="R_76" CellID2="R_76" Encode="1" Value="0"/>
			<Cell CellID="V_76" CellID2="V_76" Encode="1" Value="0"/>
			<Cell CellID="Z_76" CellID2="Z_76" Encode="1" Value="0"/>
			<Cell CellID="AD_76" CellID2="AD_76" Encode="1" Value="0"/>
			<Cell CellID="AH_76" CellID2="AH_76" Encode="1" Value="0"/>
			<Cell CellID="AM_76" CellID2="AM_76" Encode="1" Value="0"/>
			<Cell CellID="R_77" CellID2="R_77" Encode="1" Value="0"/>
			<Cell CellID="V_77" CellID2="V_77" Encode="1" Value="0"/>
			<Cell CellID="Z_77" CellID2="Z_77" Encode="1" Value="0"/>
			<Cell CellID="AD_77" CellID2="AD_77" Encode="1" Value="0"/>
			<Cell CellID="AH_77" CellID2="AH_77" Encode="1" Value="0"/>
			<Cell CellID="AM_77" CellID2="AM_77" Encode="1" Value="0"/>
			<Cell CellID="R_78" CellID2="R_78" Encode="1" Value="0"/>
			<Cell CellID="V_78" CellID2="V_78" Encode="1" Value="0"/>
			<Cell CellID="Z_78" CellID2="Z_78" Encode="1" Value="0"/>
			<Cell CellID="AD_78" CellID2="AD_78" Encode="1" Value="0"/>
			<Cell CellID="AH_78" CellID2="AH_78" Encode="1" Value="0"/>
			<Cell CellID="AM_78" CellID2="AM_78" Encode="1" Value="0"/>
			<Cell CellID="R_79" CellID2="R_79" Encode="1" Value="0"/>
			<Cell CellID="V_79" CellID2="V_79" Encode="1" Value="0"/>
			<Cell CellID="Z_79" CellID2="Z_79" Encode="1" Value="0"/>
			<Cell CellID="AD_79" CellID2="AD_79" Encode="1" Value="0"/>
			<Cell CellID="AH_79" CellID2="AH_79" Encode="1" Value="0"/>
			<Cell CellID="AM_79" CellID2="AM_79" Encode="1" Value="0"/>
			<Cell CellID="R_80" CellID2="R_80" Encode="1" Value="0"/>
			<Cell CellID="V_80" CellID2="V_80" Encode="1" Value="0"/>
			<Cell CellID="Z_80" CellID2="Z_80" Encode="1" Value="0"/>
			<Cell CellID="AD_80" CellID2="AD_80" Encode="1" Value="0"/>
			<Cell CellID="AH_80" CellID2="AH_80" Encode="1" Value="0"/>
			<Cell CellID="AM_80" CellID2="AM_80" Encode="1" Value="0"/>
			<Cell CellID="R_81" CellID2="R_81" Encode="1" Value="0"/>
			<Cell CellID="V_81" CellID2="V_81" Encode="1" Value="0"/>
			<Cell CellID="Z_81" CellID2="Z_81" Encode="1" Value="0"/>
			<Cell CellID="AD_81" CellID2="AD_81" Encode="1" Value="0"/>
			<Cell CellID="AH_81" CellID2="AH_81" Encode="1" Value="0"/>
			<Cell CellID="AM_81" CellID2="AM_81" Encode="1" Value="0"/>
			<Cell CellID="R_82" CellID2="R_82" Encode="1" Value="0"/>
			<Cell CellID="V_82" CellID2="V_82" Encode="1" Value="0"/>
			<Cell CellID="Z_82" CellID2="Z_82" Encode="1" Value="0"/>
			<Cell CellID="AD_82" CellID2="AD_82" Encode="1" Value="0"/>
			<Cell CellID="AH_82" CellID2="AH_82" Encode="1" Value="0"/>
			<Cell CellID="AM_82" CellID2="AM_82" Encode="1" Value="0"/>
			<Cell CellID="R_83" CellID2="R_83" Encode="1" Value="0"/>
			<Cell CellID="V_83" CellID2="V_83" Encode="1" Value="0"/>
			<Cell CellID="Z_83" CellID2="Z_83" Encode="1" Value="0"/>
			<Cell CellID="AD_83" CellID2="AD_83" Encode="1" Value="0"/>
			<Cell CellID="AH_83" CellID2="AH_83" Encode="1" Value="0"/>
			<Cell CellID="AM_83" CellID2="AM_83" Encode="1" Value="0"/>
			<Cell CellID="R_84" CellID2="R_84" Encode="1" Value="0"/>
			<Cell CellID="V_84" CellID2="V_84" Encode="1" Value="0"/>
			<Cell CellID="Z_84" CellID2="Z_84" Encode="1" Value="0"/>
			<Cell CellID="AD_84" CellID2="AD_84" Encode="1" Value="0"/>
			<Cell CellID="AH_84" CellID2="AH_84" Encode="1" Value="0"/>
			<Cell CellID="AM_84" CellID2="AM_84" Encode="1" Value="0"/>
			<Cell CellID="R_85" CellID2="R_85" Encode="1" Value="0"/>
			<Cell CellID="V_85" CellID2="V_85" Encode="1" Value="0"/>
			<Cell CellID="Z_85" CellID2="Z_85" Encode="1" Value="0"/>
			<Cell CellID="AD_85" CellID2="AD_85" Encode="1" Value="0"/>
			<Cell CellID="AH_85" CellID2="AH_85" Encode="1" Value="0"/>
			<Cell CellID="AM_85" CellID2="AM_85" Encode="1" Value="0"/>
			<Cell CellID="R_86" CellID2="R_86" Encode="1" Value="0"/>
			<Cell CellID="V_86" CellID2="V_86" Encode="1" Value="0"/>
			<Cell CellID="Z_86" CellID2="Z_86" Encode="1" Value="0"/>
			<Cell CellID="AD_86" CellID2="AD_86" Encode="1" Value="0"/>
			<Cell CellID="AH_86" CellID2="AH_86" Encode="1" Value="0"/>
			<Cell CellID="AM_86" CellID2="AM_86" Encode="1" Value="0"/>
			<Cell CellID="R_87" CellID2="R_87" Encode="1" Value="0"/>
			<Cell CellID="V_87" CellID2="V_87" Encode="1" Value="0"/>
			<Cell CellID="Z_87" CellID2="Z_87" Encode="1" Value="0"/>
			<Cell CellID="AD_87" CellID2="AD_87" Encode="1" Value="0"/>
			<Cell CellID="AH_87" CellID2="AH_87" Encode="1" Value="0"/>
			<Cell CellID="AM_87" CellID2="AM_87" Encode="1" Value="0"/>
			<Cell CellID="R_88" CellID2="R_88" Encode="1" Value="0"/>
			<Cell CellID="V_88" CellID2="V_88" Encode="1" Value="0"/>
			<Cell CellID="Z_88" CellID2="Z_88" Encode="1" Value="0"/>
			<Cell CellID="AD_88" CellID2="AD_88" Encode="1" Value="0"/>
			<Cell CellID="AH_88" CellID2="AH_88" Encode="1" Value="0"/>
			<Cell CellID="AM_88" CellID2="AM_88" Encode="1" Value="0"/>
			<Cell CellID="R_89" CellID2="R_89" Encode="1" Value="0"/>
			<Cell CellID="V_89" CellID2="V_89" Encode="1" Value="0"/>
			<Cell CellID="Z_89" CellID2="Z_89" Encode="1" Value="0"/>
			<Cell CellID="AD_89" CellID2="AD_89" Encode="1" Value="0"/>
			<Cell CellID="AH_89" CellID2="AH_89" Encode="1" Value="0"/>
			<Cell CellID="AM_89" CellID2="AM_89" Encode="1" Value="0"/>
			<Cell CellID="R_90" CellID2="R_90" Encode="1" Value="0"/>
			<Cell CellID="V_90" CellID2="V_90" Encode="1" Value="0"/>
			<Cell CellID="Z_90" CellID2="Z_90" Encode="1" Value="0"/>
			<Cell CellID="AD_90" CellID2="AD_90" Encode="1" Value="0"/>
			<Cell CellID="AH_90" CellID2="AH_90" Encode="1" Value="0"/>
			<Cell CellID="AM_90" CellID2="AM_90" Encode="1" Value="0"/>
			<Cell CellID="R_91" CellID2="R_91" Encode="1" Value="0"/>
			<Cell CellID="V_91" CellID2="V_91" Encode="1" Value="0"/>
			<Cell CellID="Z_91" CellID2="Z_91" Encode="1" Value="0"/>
			<Cell CellID="AD_91" CellID2="AD_91" Encode="1" Value="0"/>
			<Cell CellID="AH_91" CellID2="AH_91" Encode="1" Value="0"/>
			<Cell CellID="AM_91" CellID2="AM_91" Encode="1" Value="0"/>
			<Cell CellID="R_92" CellID2="R_92" Encode="1" Value="0"/>
			<Cell CellID="V_92" CellID2="V_92" Encode="1" Value="0"/>
			<Cell CellID="Z_92" CellID2="Z_92" Encode="1" Value="0"/>
			<Cell CellID="AD_92" CellID2="AD_92" Encode="1" Value="0"/>
			<Cell CellID="AH_92" CellID2="AH_92" Encode="1" Value="0"/>
			<Cell CellID="AM_92" CellID2="AM_92" Encode="1" Value="0"/>
			<Cell CellID="R_93" CellID2="R_93" Encode="1" Value="0"/>
			<Cell CellID="V_93" CellID2="V_93" Encode="1" Value="0"/>
			<Cell CellID="Z_93" CellID2="Z_93" Encode="1" Value="0"/>
			<Cell CellID="AD_93" CellID2="AD_93" Encode="1" Value="0"/>
			<Cell CellID="AH_93" CellID2="AH_93" Encode="1" Value="0"/>
			<Cell CellID="AM_93" CellID2="AM_93" Encode="1" Value="0"/>
			<Cell CellID="R_94" CellID2="R_94" Encode="1" Value="0"/>
			<Cell CellID="V_94" CellID2="V_94" Encode="1" Value="0"/>
			<Cell CellID="Z_94" CellID2="Z_94" Encode="1" Value="0"/>
			<Cell CellID="AD_94" CellID2="AD_94" Encode="1" Value="0"/>
			<Cell CellID="AH_94" CellID2="AH_94" Encode="1" Value="0"/>
			<Cell CellID="AM_94" CellID2="AM_94" Encode="1" Value="0"/>
			<Cell CellID="R_95" CellID2="R_95" Encode="1" Value="0"/>
			<Cell CellID="V_95" CellID2="V_95" Encode="1" Value="0"/>
			<Cell CellID="Z_95" CellID2="Z_95" Encode="1" Value="0"/>
			<Cell CellID="AD_95" CellID2="AD_95" Encode="1" Value="0"/>
			<Cell CellID="AH_95" CellID2="AH_95" Encode="1" Value="0"/>
			<Cell CellID="AM_95" CellID2="AM_95" Encode="1" Value="0"/>
			<Cell CellID="R_96" CellID2="R_96" Encode="1" Value="0"/>
			<Cell CellID="V_96" CellID2="V_96" Encode="1" Value="0"/>
			<Cell CellID="Z_96" CellID2="Z_96" Encode="1" Value="0"/>
			<Cell CellID="AD_96" CellID2="AD_96" Encode="1" Value="0"/>
			<Cell CellID="AH_96" CellID2="AH_96" Encode="1" Value="0"/>
			<Cell CellID="AM_96" CellID2="AM_96" Encode="1" Value="0"/>
			<Cell CellID="R_97" CellID2="R_97" Encode="1" Value="0"/>
			<Cell CellID="V_97" CellID2="V_97" Encode="1" Value="0"/>
			<Cell CellID="Z_97" CellID2="Z_97" Encode="1" Value="0"/>
			<Cell CellID="AD_97" CellID2="AD_97" Encode="1" Value="0"/>
			<Cell CellID="AH_97" CellID2="AH_97" Encode="1" Value="0"/>
			<Cell CellID="AM_97" CellID2="AM_97" Encode="1" Value="0"/>
			<Cell CellID="R_98" CellID2="R_98" Encode="1" Value="0"/>
			<Cell CellID="V_98" CellID2="V_98" Encode="1" Value="0"/>
			<Cell CellID="Z_98" CellID2="Z_98" Encode="1" Value="0"/>
			<Cell CellID="AD_98" CellID2="AD_98" Encode="1" Value="0"/>
			<Cell CellID="AH_98" CellID2="AH_98" Encode="1" Value="0"/>
			<Cell CellID="AM_98" CellID2="AM_98" Encode="1" Value="0"/>
			<Cell CellID="R_99" CellID2="R_99" Encode="1" Value="0"/>
			<Cell CellID="V_99" CellID2="V_99" Encode="1" Value="0"/>
			<Cell CellID="Z_99" CellID2="Z_99" Encode="1" Value="0"/>
			<Cell CellID="AD_99" CellID2="AD_99" Encode="1" Value="0"/>
			<Cell CellID="AH_99" CellID2="AH_99" Encode="1" Value="0"/>
			<Cell CellID="AM_99" CellID2="AM_99" Encode="1" Value="0"/>
			<Cell CellID="R_100" CellID2="R_100" Encode="1" Value="0"/>
			<Cell CellID="V_100" CellID2="V_100" Encode="1" Value="0"/>
			<Cell CellID="Z_100" CellID2="Z_100" Encode="1" Value="0"/>
			<Cell CellID="AD_100" CellID2="AD_100" Encode="1" Value="0"/>
			<Cell CellID="AH_100" CellID2="AH_100" Encode="1" Value="0"/>
			<Cell CellID="AM_100" CellID2="AM_100" Encode="1" Value="0"/>
			<Cell CellID="R_101" CellID2="R_101" Encode="1" Value="0"/>
			<Cell CellID="V_101" CellID2="V_101" Encode="1" Value="0"/>
			<Cell CellID="Z_101" CellID2="Z_101" Encode="1" Value="0"/>
			<Cell CellID="AD_101" CellID2="AD_101" Encode="1" Value="0"/>
			<Cell CellID="AH_101" CellID2="AH_101" Encode="1" Value="0"/>
			<Cell CellID="AM_101" CellID2="AM_101" Encode="1" Value="0"/>
			<Cell CellID="R_102" CellID2="R_102" Encode="1" Value="0"/>
			<Cell CellID="V_102" CellID2="V_102" Encode="1" Value="0"/>
			<Cell CellID="Z_102" CellID2="Z_102" Encode="1" Value="0"/>
			<Cell CellID="AD_102" CellID2="AD_102" Encode="1" Value="0"/>
			<Cell CellID="AH_102" CellID2="AH_102" Encode="1" Value="0"/>
			<Cell CellID="AM_102" CellID2="AM_102" Encode="1" Value="0"/>
			<Cell CellID="R_103" CellID2="R_103" Encode="1" Value="0"/>
			<Cell CellID="V_103" CellID2="V_103" Encode="1" Value="0"/>
			<Cell CellID="Z_103" CellID2="Z_103" Encode="1" Value="0"/>
			<Cell CellID="AD_103" CellID2="AD_103" Encode="1" Value="0"/>
			<Cell CellID="AH_103" CellID2="AH_103" Encode="1" Value="0"/>
			<Cell CellID="AM_103" CellID2="AM_103" Encode="1" Value="0"/>
			<Cell CellID="R_104" CellID2="R_104" Encode="1" Value="0"/>
			<Cell CellID="V_104" CellID2="V_104" Encode="1" Value="0"/>
			<Cell CellID="Z_104" CellID2="Z_104" Encode="1" Value="0"/>
			<Cell CellID="AD_104" CellID2="AD_104" Encode="1" Value="0"/>
			<Cell CellID="AH_104" CellID2="AH_104" Encode="1" Value="0"/>
			<Cell CellID="AM_104" CellID2="AM_104" Encode="1" Value="0"/>
			<Cell CellID="R_105" CellID2="R_105" Encode="1" Value="0"/>
			<Cell CellID="V_105" CellID2="V_105" Encode="1" Value="0"/>
			<Cell CellID="Z_105" CellID2="Z_105" Encode="1" Value="0"/>
			<Cell CellID="AD_105" CellID2="AD_105" Encode="1" Value="0"/>
			<Cell CellID="AH_105" CellID2="AH_105" Encode="1" Value="0"/>
			<Cell CellID="AM_105" CellID2="AM_105" Encode="1" Value="0"/>
			<Cell CellID="R_106" CellID2="R_106" Encode="1" Value="0"/>
			<Cell CellID="V_106" CellID2="V_106" Encode="1" Value="0"/>
			<Cell CellID="Z_106" CellID2="Z_106" Encode="1" Value="0"/>
			<Cell CellID="AD_106" CellID2="AD_106" Encode="1" Value="0"/>
			<Cell CellID="AH_106" CellID2="AH_106" Encode="1" Value="0"/>
			<Cell CellID="AM_106" CellID2="AM_106" Encode="1" Value="0"/>
			<Cell CellID="R_107" CellID2="R_107" Encode="1" Value="0"/>
			<Cell CellID="V_107" CellID2="V_107" Encode="1" Value="0"/>
			<Cell CellID="Z_107" CellID2="Z_107" Encode="1" Value="0"/>
			<Cell CellID="AD_107" CellID2="AD_107" Encode="1" Value="0"/>
			<Cell CellID="AH_107" CellID2="AH_107" Encode="1" Value="0"/>
			<Cell CellID="AM_107" CellID2="AM_107" Encode="1" Value="0"/>
			<Cell CellID="R_108" CellID2="R_108" Encode="1" Value="0"/>
			<Cell CellID="V_108" CellID2="V_108" Encode="1" Value="0"/>
			<Cell CellID="Z_108" CellID2="Z_108" Encode="1" Value="0"/>
			<Cell CellID="AD_108" CellID2="AD_108" Encode="1" Value="0"/>
			<Cell CellID="AH_108" CellID2="AH_108" Encode="1" Value="0"/>
			<Cell CellID="AM_108" CellID2="AM_108" Encode="1" Value="0"/>
			<Cell CellID="R_109" CellID2="R_109" Encode="1" Value="0"/>
			<Cell CellID="V_109" CellID2="V_109" Encode="1" Value="0"/>
			<Cell CellID="Z_109" CellID2="Z_109" Encode="1" Value="0"/>
			<Cell CellID="AD_109" CellID2="AD_109" Encode="1" Value="0"/>
			<Cell CellID="AH_109" CellID2="AH_109" Encode="1" Value="0"/>
			<Cell CellID="AM_109" CellID2="AM_109" Encode="1" Value="0"/>
			<Cell CellID="R_110" CellID2="R_110" Encode="1" Value="0"/>
			<Cell CellID="V_110" CellID2="V_110" Encode="1" Value="0"/>
			<Cell CellID="Z_110" CellID2="Z_110" Encode="1" Value="0"/>
			<Cell CellID="AD_110" CellID2="AD_110" Encode="1" Value="0"/>
			<Cell CellID="AH_110" CellID2="AH_110" Encode="1" Value="0"/>
			<Cell CellID="AM_110" CellID2="AM_110" Encode="1" Value="0"/>
			<Cell CellID="R_111" CellID2="R_111" Encode="1" Value="0"/>
			<Cell CellID="V_111" CellID2="V_111" Encode="1" Value="0"/>
			<Cell CellID="Z_111" CellID2="Z_111" Encode="1" Value="0"/>
			<Cell CellID="AD_111" CellID2="AD_111" Encode="1" Value="0"/>
			<Cell CellID="AH_111" CellID2="AH_111" Encode="1" Value="0"/>
			<Cell CellID="AM_111" CellID2="AM_111" Encode="1" Value="0"/>
			<Cell CellID="R_112" CellID2="R_112" Encode="1" Value="0"/>
			<Cell CellID="V_112" CellID2="V_112" Encode="1" Value="0"/>
			<Cell CellID="Z_112" CellID2="Z_112" Encode="1" Value="0"/>
			<Cell CellID="AD_112" CellID2="AD_112" Encode="1" Value="0"/>
			<Cell CellID="AH_112" CellID2="AH_112" Encode="1" Value="0"/>
			<Cell CellID="AM_112" CellID2="AM_112" Encode="1" Value="0"/>
			<Cell CellID="R_113" CellID2="R_113" Encode="1" Value="0"/>
			<Cell CellID="V_113" CellID2="V_113" Encode="1" Value="0"/>
			<Cell CellID="Z_113" CellID2="Z_113" Encode="1" Value="0"/>
			<Cell CellID="AD_113" CellID2="AD_113" Encode="1" Value="0"/>
			<Cell CellID="AH_113" CellID2="AH_113" Encode="1" Value="0"/>
			<Cell CellID="AM_113" CellID2="AM_113" Encode="1" Value="0"/>
			<Cell CellID="R_114" CellID2="R_114" Encode="1" Value="0"/>
			<Cell CellID="V_114" CellID2="V_114" Encode="1" Value="0"/>
			<Cell CellID="Z_114" CellID2="Z_114" Encode="1" Value="0"/>
			<Cell CellID="AD_114" CellID2="AD_114" Encode="1" Value="0"/>
			<Cell CellID="AH_114" CellID2="AH_114" Encode="1" Value="0"/>
			<Cell CellID="AM_114" CellID2="AM_114" Encode="1" Value="0"/>
			<Cell CellID="R_115" CellID2="R_115" Encode="1" Value="0"/>
			<Cell CellID="V_115" CellID2="V_115" Encode="1" Value="0"/>
			<Cell CellID="Z_115" CellID2="Z_115" Encode="1" Value="0"/>
			<Cell CellID="AD_115" CellID2="AD_115" Encode="1" Value="0"/>
			<Cell CellID="AH_115" CellID2="AH_115" Encode="1" Value="0"/>
			<Cell CellID="AM_115" CellID2="AM_115" Encode="1" Value="0"/>
			<Cell CellID="R_116" CellID2="R_116" Encode="1" Value="0"/>
			<Cell CellID="V_116" CellID2="V_116" Encode="1" Value="0"/>
			<Cell CellID="Z_116" CellID2="Z_116" Encode="1" Value="0"/>
			<Cell CellID="AD_116" CellID2="AD_116" Encode="1" Value="0"/>
			<Cell CellID="AH_116" CellID2="AH_116" Encode="1" Value="0"/>
			<Cell CellID="AM_116" CellID2="AM_116" Encode="1" Value="0"/>
			<Cell CellID="R_117" CellID2="R_117" Encode="1" Value="0"/>
			<Cell CellID="V_117" CellID2="V_117" Encode="1" Value="0"/>
			<Cell CellID="Z_117" CellID2="Z_117" Encode="1" Value="0"/>
			<Cell CellID="AD_117" CellID2="AD_117" Encode="1" Value="0"/>
			<Cell CellID="AH_117" CellID2="AH_117" Encode="1" Value="0"/>
			<Cell CellID="AM_117" CellID2="AM_117" Encode="1" Value="0"/>
			<Cell CellID="R_118" CellID2="R_118" Encode="1" Value="0"/>
			<Cell CellID="V_118" CellID2="V_118" Encode="1" Value="0"/>
			<Cell CellID="Z_118" CellID2="Z_118" Encode="1" Value="0"/>
			<Cell CellID="AD_118" CellID2="AD_118" Encode="1" Value="0"/>
			<Cell CellID="AH_118" CellID2="AH_118" Encode="1" Value="0"/>
			<Cell CellID="AM_118" CellID2="AM_118" Encode="1" Value="0"/>
			<Cell CellID="R_119" CellID2="R_119" Encode="1" Value="0"/>
			<Cell CellID="V_119" CellID2="V_119" Encode="1" Value="0"/>
			<Cell CellID="Z_119" CellID2="Z_119" Encode="1" Value="0"/>
			<Cell CellID="AD_119" CellID2="AD_119" Encode="1" Value="0"/>
			<Cell CellID="AH_119" CellID2="AH_119" Encode="1" Value="0"/>
			<Cell CellID="AM_119" CellID2="AM_119" Encode="1" Value="0"/>
			<Cell CellID="R_120" CellID2="R_120" Encode="1" Value="0"/>
			<Cell CellID="V_120" CellID2="V_120" Encode="1" Value="0"/>
			<Cell CellID="Z_120" CellID2="Z_120" Encode="1" Value="0"/>
			<Cell CellID="AD_120" CellID2="AD_120" Encode="1" Value="0"/>
			<Cell CellID="AH_120" CellID2="AH_120" Encode="1" Value="0"/>
			<Cell CellID="AM_120" CellID2="AM_120" Encode="1" Value="0"/>
			<Cell CellID="R_121" CellID2="R_121" Encode="1" Value="0"/>
			<Cell CellID="V_121" CellID2="V_121" Encode="1" Value="0"/>
			<Cell CellID="Z_121" CellID2="Z_121" Encode="1" Value="0"/>
			<Cell CellID="AD_121" CellID2="AD_121" Encode="1" Value="0"/>
			<Cell CellID="AH_121" CellID2="AH_121" Encode="1" Value="0"/>
			<Cell CellID="AM_121" CellID2="AM_121" Encode="1" Value="0"/>
			<Cell CellID="R_122" CellID2="R_122" Encode="1" Value="0"/>
			<Cell CellID="V_122" CellID2="V_122" Encode="1" Value="0"/>
			<Cell CellID="Z_122" CellID2="Z_122" Encode="1" Value="0"/>
			<Cell CellID="AD_122" CellID2="AD_122" Encode="1" Value="0"/>
			<Cell CellID="AH_122" CellID2="AH_122" Encode="1" Value="0"/>
			<Cell CellID="AM_122" CellID2="AM_122" Encode="1" Value="0"/>
			<Cell CellID="R_123" CellID2="R_123" Encode="1" Value="0"/>
			<Cell CellID="V_123" CellID2="V_123" Encode="1" Value="0"/>
			<Cell CellID="Z_123" CellID2="Z_123" Encode="1" Value="0"/>
			<Cell CellID="AD_123" CellID2="AD_123" Encode="1" Value="0"/>
			<Cell CellID="AH_123" CellID2="AH_123" Encode="1" Value="0"/>
			<Cell CellID="AM_123" CellID2="AM_123" Encode="1" Value="0"/>
			<Cell CellID="R_124" CellID2="R_124" Encode="1" Value="0"/>
			<Cell CellID="V_124" CellID2="V_124" Encode="1" Value="0"/>
			<Cell CellID="Z_124" CellID2="Z_124" Encode="1" Value="0"/>
			<Cell CellID="AD_124" CellID2="AD_124" Encode="1" Value="0"/>
			<Cell CellID="AH_124" CellID2="AH_124" Encode="1" Value="0"/>
			<Cell CellID="AM_124" CellID2="AM_124" Encode="1" Value="0"/>
			<Cell CellID="R_125" CellID2="R_125" Encode="1" Value="0"/>
			<Cell CellID="V_125" CellID2="V_125" Encode="1" Value="0"/>
			<Cell CellID="Z_125" CellID2="Z_125" Encode="1" Value="0"/>
			<Cell CellID="AD_125" CellID2="AD_125" Encode="1" Value="0"/>
			<Cell CellID="AH_125" CellID2="AH_125" Encode="1" Value="0"/>
			<Cell CellID="AM_125" CellID2="AM_125" Encode="1" Value="0"/>
			<Cell CellID="R_126" CellID2="R_126" Encode="1" Value="0"/>
			<Cell CellID="V_126" CellID2="V_126" Encode="1" Value="0"/>
			<Cell CellID="Z_126" CellID2="Z_126" Encode="1" Value="0"/>
			<Cell CellID="AD_126" CellID2="AD_126" Encode="1" Value="0"/>
			<Cell CellID="AH_126" CellID2="AH_126" Encode="1" Value="0"/>
			<Cell CellID="AM_126" CellID2="AM_126" Encode="1" Value="0"/>
			<Cell CellID="R_127" CellID2="R_127" Encode="1" Value="0"/>
			<Cell CellID="V_127" CellID2="V_127" Encode="1" Value="0"/>
			<Cell CellID="Z_127" CellID2="Z_127" Encode="1" Value="0"/>
			<Cell CellID="AD_127" CellID2="AD_127" Encode="1" Value="0"/>
			<Cell CellID="AH_127" CellID2="AH_127" Encode="1" Value="0"/>
			<Cell CellID="AM_127" CellID2="AM_127" Encode="1" Value="0"/>
			<Cell CellID="R_128" CellID2="R_128" Encode="1" Value="0"/>
			<Cell CellID="V_128" CellID2="V_128" Encode="1" Value="0"/>
			<Cell CellID="Z_128" CellID2="Z_128" Encode="1" Value="0"/>
			<Cell CellID="AD_128" CellID2="AD_128" Encode="1" Value="0"/>
			<Cell CellID="AH_128" CellID2="AH_128" Encode="1" Value="0"/>
			<Cell CellID="AM_128" CellID2="AM_128" Encode="1" Value="0"/>
			<Cell CellID="R_129" CellID2="R_129" Encode="1" Value="0"/>
			<Cell CellID="V_129" CellID2="V_129" Encode="1" Value="0"/>
			<Cell CellID="Z_129" CellID2="Z_129" Encode="1" Value="0"/>
			<Cell CellID="AD_129" CellID2="AD_129" Encode="1" Value="0"/>
			<Cell CellID="AH_129" CellID2="AH_129" Encode="1" Value="0"/>
			<Cell CellID="AM_129" CellID2="AM_129" Encode="1" Value="0"/>
			<Cell CellID="R_130" CellID2="R_130" Encode="1" Value="0"/>
			<Cell CellID="V_130" CellID2="V_130" Encode="1" Value="0"/>
			<Cell CellID="Z_130" CellID2="Z_130" Encode="1" Value="0"/>
			<Cell CellID="AD_130" CellID2="AD_130" Encode="1" Value="0"/>
			<Cell CellID="AH_130" CellID2="AH_130" Encode="1" Value="0"/>
			<Cell CellID="AM_130" CellID2="AM_130" Encode="1" Value="0"/>
			<Cell CellID="R_131" CellID2="R_131" Encode="1" Value="0"/>
			<Cell CellID="V_131" CellID2="V_131" Encode="1" Value="0"/>
			<Cell CellID="Z_131" CellID2="Z_131" Encode="1" Value="0"/>
			<Cell CellID="AD_131" CellID2="AD_131" Encode="1" Value="0"/>
			<Cell CellID="AH_131" CellID2="AH_131" Encode="1" Value="0"/>
			<Cell CellID="AM_131" CellID2="AM_131" Encode="1" Value="0"/>
			<Cell CellID="R_132" CellID2="R_132" Encode="1" Value="0"/>
			<Cell CellID="V_132" CellID2="V_132" Encode="1" Value="0"/>
			<Cell CellID="Z_132" CellID2="Z_132" Encode="1" Value="0"/>
			<Cell CellID="AD_132" CellID2="AD_132" Encode="1" Value="0"/>
			<Cell CellID="AH_132" CellID2="AH_132" Encode="1" Value="0"/>
			<Cell CellID="AM_132" CellID2="AM_132" Encode="1" Value="0"/>
			<Cell CellID="R_133" CellID2="R_133" Encode="1" Value="0"/>
			<Cell CellID="V_133" CellID2="V_133" Encode="1" Value="0"/>
			<Cell CellID="Z_133" CellID2="Z_133" Encode="1" Value="0"/>
			<Cell CellID="AD_133" CellID2="AD_133" Encode="1" Value="4000000000"/>
			<Cell CellID="AH_133" CellID2="AH_133" Encode="1" Value="0"/>
			<Cell CellID="AM_133" CellID2="AM_133" Encode="1" Value="4000000000"/>
			<Cell CellID="R_134" CellID2="R_134" Encode="1" Value="0"/>
			<Cell CellID="V_134" CellID2="V_134" Encode="1" Value="0"/>
			<Cell CellID="Z_134" CellID2="Z_134" Encode="1" Value="0"/>
			<Cell CellID="AD_134" CellID2="AD_134" Encode="1" Value="4000000000"/>
			<Cell CellID="AH_134" CellID2="AH_134" Encode="1" Value="0"/>
			<Cell CellID="AM_134" CellID2="AM_134" Encode="1" Value="4000000000"/>
			<Cell CellID="R_135" CellID2="R_135" Encode="1" Value="0"/>
			<Cell CellID="V_135" CellID2="V_135" Encode="1" Value="0"/>
			<Cell CellID="Z_135" CellID2="Z_135" Encode="1" Value="0"/>
			<Cell CellID="AD_135" CellID2="AD_135" Encode="1" Value="0"/>
			<Cell CellID="AH_135" CellID2="AH_135" Encode="1" Value="0"/>
			<Cell CellID="AM_135" CellID2="AM_135" Encode="1" Value="0"/>
			<Cell CellID="R_136" CellID2="R_136" Encode="1" Value="0"/>
			<Cell CellID="V_136" CellID2="V_136" Encode="1" Value="0"/>
			<Cell CellID="Z_136" CellID2="Z_136" Encode="1" Value="0"/>
			<Cell CellID="AD_136" CellID2="AD_136" Encode="1" Value="0"/>
			<Cell CellID="AH_136" CellID2="AH_136" Encode="1" Value="0"/>
			<Cell CellID="AM_136" CellID2="AM_136" Encode="1" Value="0"/>
			<Cell CellID="R_137" CellID2="R_137" Encode="1" Value="0"/>
			<Cell CellID="V_137" CellID2="V_137" Encode="1" Value="0"/>
			<Cell CellID="Z_137" CellID2="Z_137" Encode="1" Value="0"/>
			<Cell CellID="AD_137" CellID2="AD_137" Encode="1" Value="0"/>
			<Cell CellID="AH_137" CellID2="AH_137" Encode="1" Value="0"/>
			<Cell CellID="AM_137" CellID2="AM_137" Encode="1" Value="0"/>
			<Cell CellID="R_138" CellID2="R_138" Encode="1" Value="0"/>
			<Cell CellID="V_138" CellID2="V_138" Encode="1" Value="0"/>
			<Cell CellID="Z_138" CellID2="Z_138" Encode="1" Value="0"/>
			<Cell CellID="AD_138" CellID2="AD_138" Encode="1" Value="0"/>
			<Cell CellID="AH_138" CellID2="AH_138" Encode="1" Value="0"/>
			<Cell CellID="AM_138" CellID2="AM_138" Encode="1" Value="0"/>
			<Cell CellID="R_139" CellID2="R_139" Encode="1" Value="0"/>
			<Cell CellID="V_139" CellID2="V_139" Encode="1" Value="0"/>
			<Cell CellID="Z_139" CellID2="Z_139" Encode="1" Value="0"/>
			<Cell CellID="AD_139" CellID2="AD_139" Encode="1" Value="0"/>
			<Cell CellID="AH_139" CellID2="AH_139" Encode="1" Value="0"/>
			<Cell CellID="AM_139" CellID2="AM_139" Encode="1" Value="0"/>
			<Cell CellID="R_140" CellID2="R_140" Encode="1" Value="0"/>
			<Cell CellID="V_140" CellID2="V_140" Encode="1" Value="0"/>
			<Cell CellID="Z_140" CellID2="Z_140" Encode="1" Value="0"/>
			<Cell CellID="AD_140" CellID2="AD_140" Encode="1" Value="0"/>
			<Cell CellID="AH_140" CellID2="AH_140" Encode="1" Value="0"/>
			<Cell CellID="AM_140" CellID2="AM_140" Encode="1" Value="0"/>
			<Cell CellID="R_141" CellID2="R_141" Encode="1" Value="0"/>
			<Cell CellID="V_141" CellID2="V_141" Encode="1" Value="0"/>
			<Cell CellID="Z_141" CellID2="Z_141" Encode="1" Value="0"/>
			<Cell CellID="AD_141" CellID2="AD_141" Encode="1" Value="0"/>
			<Cell CellID="AH_141" CellID2="AH_141" Encode="1" Value="0"/>
			<Cell CellID="AM_141" CellID2="AM_141" Encode="1" Value="0"/>
			<Cell CellID="R_142" CellID2="R_142" Encode="1" Value="0"/>
			<Cell CellID="V_142" CellID2="V_142" Encode="1" Value="0"/>
			<Cell CellID="Z_142" CellID2="Z_142" Encode="1" Value="0"/>
			<Cell CellID="AD_142" CellID2="AD_142" Encode="1" Value="0"/>
			<Cell CellID="AH_142" CellID2="AH_142" Encode="1" Value="0"/>
			<Cell CellID="AM_142" CellID2="AM_142" Encode="1" Value="0"/>
			<Cell CellID="R_143" CellID2="R_143" Encode="1" Value="0"/>
			<Cell CellID="V_143" CellID2="V_143" Encode="1" Value="0"/>
			<Cell CellID="Z_143" CellID2="Z_143" Encode="1" Value="0"/>
			<Cell CellID="AD_143" CellID2="AD_143" Encode="1" Value="0"/>
			<Cell CellID="AH_143" CellID2="AH_143" Encode="1" Value="0"/>
			<Cell CellID="AM_143" CellID2="AM_143" Encode="1" Value="0"/>
			<Cell CellID="R_144" CellID2="R_144" Encode="1" Value="0"/>
			<Cell CellID="V_144" CellID2="V_144" Encode="1" Value="0"/>
			<Cell CellID="Z_144" CellID2="Z_144" Encode="1" Value="0"/>
			<Cell CellID="AD_144" CellID2="AD_144" Encode="1" Value="0"/>
			<Cell CellID="AH_144" CellID2="AH_144" Encode="1" Value="0"/>
			<Cell CellID="AM_144" CellID2="AM_144" Encode="1" Value="0"/>
			<Cell CellID="R_145" CellID2="R_145" Encode="1" Value="0"/>
			<Cell CellID="V_145" CellID2="V_145" Encode="1" Value="0"/>
			<Cell CellID="Z_145" CellID2="Z_145" Encode="1" Value="0"/>
			<Cell CellID="AD_145" CellID2="AD_145" Encode="1" Value="0"/>
			<Cell CellID="AH_145" CellID2="AH_145" Encode="1" Value="0"/>
			<Cell CellID="AM_145" CellID2="AM_145" Encode="1" Value="0"/>
			<Cell CellID="R_146" CellID2="R_146" Encode="1" Value="0"/>
			<Cell CellID="V_146" CellID2="V_146" Encode="1" Value="0"/>
			<Cell CellID="Z_146" CellID2="Z_146" Encode="1" Value="0"/>
			<Cell CellID="AD_146" CellID2="AD_146" Encode="1" Value="0"/>
			<Cell CellID="AH_146" CellID2="AH_146" Encode="1" Value="0"/>
			<Cell CellID="AM_146" CellID2="AM_146" Encode="1" Value="0"/>
			<Cell CellID="R_147" CellID2="R_147" Encode="1" Value="0"/>
			<Cell CellID="V_147" CellID2="V_147" Encode="1" Value="0"/>
			<Cell CellID="Z_147" CellID2="Z_147" Encode="1" Value="0"/>
			<Cell CellID="AD_147" CellID2="AD_147" Encode="1" Value="0"/>
			<Cell CellID="AH_147" CellID2="AH_147" Encode="1" Value="0"/>
			<Cell CellID="AM_147" CellID2="AM_147" Encode="1" Value="0"/>
			<Cell CellID="R_148" CellID2="R_148" Encode="1" Value="0"/>
			<Cell CellID="V_148" CellID2="V_148" Encode="1" Value="0"/>
			<Cell CellID="Z_148" CellID2="Z_148" Encode="1" Value="0"/>
			<Cell CellID="AD_148" CellID2="AD_148" Encode="1" Value="0"/>
			<Cell CellID="AH_148" CellID2="AH_148" Encode="1" Value="0"/>
			<Cell CellID="AM_148" CellID2="AM_148" Encode="1" Value="0"/>
			<Cell CellID="R_149" CellID2="R_149" Encode="1" Value="0"/>
			<Cell CellID="V_149" CellID2="V_149" Encode="1" Value="0"/>
			<Cell CellID="Z_149" CellID2="Z_149" Encode="1" Value="0"/>
			<Cell CellID="AD_149" CellID2="AD_149" Encode="1" Value="0"/>
			<Cell CellID="AH_149" CellID2="AH_149" Encode="1" Value="0"/>
			<Cell CellID="AM_149" CellID2="AM_149" Encode="1" Value="0"/>
			<Cell CellID="R_150" CellID2="R_150" Encode="1" Value="0"/>
			<Cell CellID="V_150" CellID2="V_150" Encode="1" Value="0"/>
			<Cell CellID="Z_150" CellID2="Z_150" Encode="1" Value="0"/>
			<Cell CellID="AD_150" CellID2="AD_150" Encode="1" Value="0"/>
			<Cell CellID="AH_150" CellID2="AH_150" Encode="1" Value="0"/>
			<Cell CellID="AM_150" CellID2="AM_150" Encode="1" Value="0"/>
			<Cell CellID="R_151" CellID2="R_151" Encode="1" Value="0"/>
			<Cell CellID="V_151" CellID2="V_151" Encode="1" Value="0"/>
			<Cell CellID="Z_151" CellID2="Z_151" Encode="1" Value="0"/>
			<Cell CellID="AD_151" CellID2="AD_151" Encode="1" Value="0"/>
			<Cell CellID="AH_151" CellID2="AH_151" Encode="1" Value="0"/>
			<Cell CellID="AM_151" CellID2="AM_151" Encode="1" Value="0"/>
			<Cell CellID="R_152" CellID2="R_152" Encode="1" Value="0"/>
			<Cell CellID="V_152" CellID2="V_152" Encode="1" Value="0"/>
			<Cell CellID="Z_152" CellID2="Z_152" Encode="1" Value="0"/>
			<Cell CellID="AD_152" CellID2="AD_152" Encode="1" Value="0"/>
			<Cell CellID="AH_152" CellID2="AH_152" Encode="1" Value="0"/>
			<Cell CellID="AM_152" CellID2="AM_152" Encode="1" Value="0"/>
			<Cell CellID="R_153" CellID2="R_153" Encode="1" Value="0"/>
			<Cell CellID="V_153" CellID2="V_153" Encode="1" Value="0"/>
			<Cell CellID="Z_153" CellID2="Z_153" Encode="1" Value="0"/>
			<Cell CellID="AD_153" CellID2="AD_153" Encode="1" Value="0"/>
			<Cell CellID="AH_153" CellID2="AH_153" Encode="1" Value="0"/>
			<Cell CellID="AM_153" CellID2="AM_153" Encode="1" Value="0"/>
			<Cell CellID="R_154" CellID2="R_154" Encode="1" Value="0"/>
			<Cell CellID="V_154" CellID2="V_154" Encode="1" Value="0"/>
			<Cell CellID="Z_154" CellID2="Z_154" Encode="1" Value="0"/>
			<Cell CellID="AD_154" CellID2="AD_154" Encode="1" Value="0"/>
			<Cell CellID="AH_154" CellID2="AH_154" Encode="1" Value="0"/>
			<Cell CellID="AM_154" CellID2="AM_154" Encode="1" Value="0"/>
			<Cell CellID="R_155" CellID2="R_155" Encode="1" Value="0"/>
			<Cell CellID="V_155" CellID2="V_155" Encode="1" Value="0"/>
			<Cell CellID="Z_155" CellID2="Z_155" Encode="1" Value="0"/>
			<Cell CellID="AD_155" CellID2="AD_155" Encode="1" Value="0"/>
			<Cell CellID="AH_155" CellID2="AH_155" Encode="1" Value="0"/>
			<Cell CellID="AM_155" CellID2="AM_155" Encode="1" Value="0"/>
			<Cell CellID="R_156" CellID2="R_156" Encode="1" Value="0"/>
			<Cell CellID="V_156" CellID2="V_156" Encode="1" Value="0"/>
			<Cell CellID="Z_156" CellID2="Z_156" Encode="1" Value="0"/>
			<Cell CellID="AD_156" CellID2="AD_156" Encode="1" Value="0"/>
			<Cell CellID="AH_156" CellID2="AH_156" Encode="1" Value="0"/>
			<Cell CellID="AM_156" CellID2="AM_156" Encode="1" Value="0"/>
			<Cell CellID="R_157" CellID2="R_157" Encode="1" Value="0"/>
			<Cell CellID="V_157" CellID2="V_157" Encode="1" Value="0"/>
			<Cell CellID="Z_157" CellID2="Z_157" Encode="1" Value="0"/>
			<Cell CellID="AD_157" CellID2="AD_157" Encode="1" Value="0"/>
			<Cell CellID="AH_157" CellID2="AH_157" Encode="1" Value="0"/>
			<Cell CellID="AM_157" CellID2="AM_157" Encode="1" Value="0"/>
			<Cell CellID="R_158" CellID2="R_158" Encode="1" Value="0"/>
			<Cell CellID="V_158" CellID2="V_158" Encode="1" Value="0"/>
			<Cell CellID="Z_158" CellID2="Z_158" Encode="1" Value="0"/>
			<Cell CellID="AD_158" CellID2="AD_158" Encode="1" Value="0"/>
			<Cell CellID="AH_158" CellID2="AH_158" Encode="1" Value="0"/>
			<Cell CellID="AM_158" CellID2="AM_158" Encode="1" Value="0"/>
			<Cell CellID="R_159" CellID2="R_159" Encode="1" Value="0"/>
			<Cell CellID="V_159" CellID2="V_159" Encode="1" Value="0"/>
			<Cell CellID="Z_159" CellID2="Z_159" Encode="1" Value="0"/>
			<Cell CellID="AD_159" CellID2="AD_159" Encode="1" Value="0"/>
			<Cell CellID="AH_159" CellID2="AH_159" Encode="1" Value="0"/>
			<Cell CellID="AM_159" CellID2="AM_159" Encode="1" Value="0"/>
			<Cell CellID="R_160" CellID2="R_160" Encode="1" Value="0"/>
			<Cell CellID="V_160" CellID2="V_160" Encode="1" Value="0"/>
			<Cell CellID="Z_160" CellID2="Z_160" Encode="1" Value="0"/>
			<Cell CellID="AD_160" CellID2="AD_160" Encode="1" Value="0"/>
			<Cell CellID="AH_160" CellID2="AH_160" Encode="1" Value="0"/>
			<Cell CellID="AM_160" CellID2="AM_160" Encode="1" Value="0"/>
			<Cell CellID="R_161" CellID2="R_161" Encode="1" Value="0"/>
			<Cell CellID="V_161" CellID2="V_161" Encode="1" Value="0"/>
			<Cell CellID="Z_161" CellID2="Z_161" Encode="1" Value="0"/>
			<Cell CellID="AD_161" CellID2="AD_161" Encode="1" Value="0"/>
			<Cell CellID="AH_161" CellID2="AH_161" Encode="1" Value="0"/>
			<Cell CellID="AM_161" CellID2="AM_161" Encode="1" Value="0"/>
			<Cell CellID="R_162" CellID2="R_162" Encode="1" Value="0"/>
			<Cell CellID="V_162" CellID2="V_162" Encode="1" Value="0"/>
			<Cell CellID="Z_162" CellID2="Z_162" Encode="1" Value="0"/>
			<Cell CellID="AD_162" CellID2="AD_162" Encode="1" Value="0"/>
			<Cell CellID="AH_162" CellID2="AH_162" Encode="1" Value="0"/>
			<Cell CellID="AM_162" CellID2="AM_162" Encode="1" Value="0"/>
			<Cell CellID="R_163" CellID2="R_163" Encode="1" Value="0"/>
			<Cell CellID="V_163" CellID2="V_163" Encode="1" Value="0"/>
			<Cell CellID="Z_163" CellID2="Z_163" Encode="1" Value="0"/>
			<Cell CellID="AD_163" CellID2="AD_163" Encode="1" Value="0"/>
			<Cell CellID="AH_163" CellID2="AH_163" Encode="1" Value="0"/>
			<Cell CellID="AM_163" CellID2="AM_163" Encode="1" Value="0"/>
			<Cell CellID="R_165" CellID2="R_165" Encode="1" Value="0"/>
			<Cell CellID="V_165" CellID2="V_165" Encode="1" Value="0"/>
			<Cell CellID="Z_165" CellID2="Z_165" Encode="1" Value="0"/>
			<Cell CellID="AD_165" CellID2="AD_165" Encode="1" Value="0"/>
			<Cell CellID="AH_165" CellID2="AH_165" Encode="1" Value="0"/>
			<Cell CellID="AM_165" CellID2="AM_165" Encode="1" Value="0"/>
			<Cell CellID="R_166" CellID2="R_166" Encode="1" Value="0"/>
			<Cell CellID="V_166" CellID2="V_166" Encode="1" Value="0"/>
			<Cell CellID="Z_166" CellID2="Z_166" Encode="1" Value="0"/>
			<Cell CellID="AD_166" CellID2="AD_166" Encode="1" Value="0"/>
			<Cell CellID="AH_166" CellID2="AH_166" Encode="1" Value="0"/>
			<Cell CellID="AM_166" CellID2="AM_166" Encode="1" Value="0"/>
			<Cell CellID="R_167" CellID2="R_167" Encode="1" Value="0"/>
			<Cell CellID="V_167" CellID2="V_167" Encode="1" Value="0"/>
			<Cell CellID="Z_167" CellID2="Z_167" Encode="1" Value="0"/>
			<Cell CellID="AD_167" CellID2="AD_167" Encode="1" Value="0"/>
			<Cell CellID="AH_167" CellID2="AH_167" Encode="1" Value="0"/>
			<Cell CellID="AM_167" CellID2="AM_167" Encode="1" Value="0"/>
			<Cell CellID="R_168" CellID2="R_168" Encode="1" Value="0"/>
			<Cell CellID="V_168" CellID2="V_168" Encode="1" Value="0"/>
			<Cell CellID="Z_168" CellID2="Z_168" Encode="1" Value="0"/>
			<Cell CellID="AD_168" CellID2="AD_168" Encode="1" Value="0"/>
			<Cell CellID="AH_168" CellID2="AH_168" Encode="1" Value="0"/>
			<Cell CellID="AM_168" CellID2="AM_168" Encode="1" Value="0"/>
			<Cell CellID="R_169" CellID2="R_169" Encode="1" Value="0"/>
			<Cell CellID="V_169" CellID2="V_169" Encode="1" Value="0"/>
			<Cell CellID="Z_169" CellID2="Z_169" Encode="1" Value="0"/>
			<Cell CellID="AD_169" CellID2="AD_169" Encode="1" Value="0"/>
			<Cell CellID="AH_169" CellID2="AH_169" Encode="1" Value="0"/>
			<Cell CellID="AM_169" CellID2="AM_169" Encode="1" Value="0"/>
			<Cell CellID="AH_171" CellID2="R_171" Encode="1" Value="Nguyễn Thiện Duy"/>
			<Cell CellID="AH_173" CellID2="R_173" Encode="1" Value="06/02/2015"/>
		</Cells>
	</Section>
</Sections>
