<!-- edited with XML Spy v4.1 U (http://www.xmlspy.com) by CMCSoft-->
<!DOCTYPE Sections SYSTEM "..\..\InterfaceTemplates\Schema.dtd">
<Sections Version="130">
	<Section Dynamic="0" MaxRows="0">
		<Cells>
			<Cell CellID="H_9" CellID2="P_16" Encode="1" Value="IV.08"/>
			<Cell CellID="I_9" CellID2="Z_16" Encode="1" Value="0"/>
			<Cell CellID="J_9" CellID2="AE_16" Encode="1" Value="0"/>
			<Cell CellID="H_10" CellID2="P_17" Encode="1" Value=""/>
			<Cell CellID="I_10" CellID2="Z_17" Encode="1" Value="0"/>
			<Cell CellID="J_10" CellID2="AE_17" Encode="1" Value="0"/>
			<Cell CellID="H_11" CellID2="P_18" Encode="1" Value=""/>
			<Cell CellID="I_11" CellID2="Z_18" Encode="1" Value="0"/>
			<Cell CellID="J_11" CellID2="AE_18" Encode="1" Value="0"/>
			<Cell CellID="H_12" CellID2="P_19" Encode="1" Value=""/>
			<Cell CellID="I_12" CellID2="Z_19" Encode="1" Value="0"/>
			<Cell CellID="J_12" CellID2="AE_19" Encode="1" Value="0"/>
			<Cell CellID="H_13" CellID2="P_20" Encode="1" Value=""/>
			<Cell CellID="I_13" CellID2="Z_20" Encode="1" Value="0"/>
			<Cell CellID="J_13" CellID2="AE_20" Encode="1" Value="0"/>
			<Cell CellID="H_14" CellID2="P_21" Encode="1" Value=""/>
			<Cell CellID="I_14" CellID2="Z_21" Encode="1" Value="178278"/>
			<Cell CellID="J_14" CellID2="AE_21" Encode="1" Value="1035028"/>
			<Cell CellID="H_15" CellID2="P_22" Encode="1" Value=""/>
			<Cell CellID="I_15" CellID2="Z_22" Encode="1" Value="498736523"/>
			<Cell CellID="J_15" CellID2="AE_22" Encode="1" Value="1424777113"/>
			<Cell CellID="H_16" CellID2="P_23" Encode="1" Value=""/>
			<Cell CellID="I_16" CellID2="Z_23" Encode="1" Value="498736523"/>
			<Cell CellID="J_16" CellID2="AE_23" Encode="1" Value="1424777113"/>
			<Cell CellID="H_17" CellID2="P_24" Encode="1" Value=""/>
			<Cell CellID="I_17" CellID2="Z_24" Encode="1" Value="539141274"/>
			<Cell CellID="J_17" CellID2="AE_24" Encode="1" Value="361411761"/>
			<Cell CellID="H_18" CellID2="P_25" Encode="1" Value=""/>
			<Cell CellID="I_18" CellID2="Z_25" Encode="1" Value="-1037699519"/>
			<Cell CellID="J_18" CellID2="AE_25" Encode="1" Value="-1785153846"/>
			<Cell CellID="H_19" CellID2="P_26" Encode="1" Value=""/>
			<Cell CellID="I_19" CellID2="Z_26" Encode="1" Value="0"/>
			<Cell CellID="J_19" CellID2="AE_26" Encode="1" Value="900000"/>
			<Cell CellID="H_20" CellID2="P_27" Encode="1" Value=""/>
			<Cell CellID="I_20" CellID2="Z_27" Encode="1" Value="0"/>
			<Cell CellID="J_20" CellID2="AE_27" Encode="1" Value="0"/>
			<Cell CellID="H_21" CellID2="P_28" Encode="1" Value=""/>
			<Cell CellID="I_21" CellID2="Z_28" Encode="1" Value="0"/>
			<Cell CellID="J_21" CellID2="AE_28" Encode="1" Value="900000"/>
			<Cell CellID="H_22" CellID2="P_29" Encode="1" Value="IV.09"/>
			<Cell CellID="I_22" CellID2="Z_29" Encode="1" Value="-1037699519"/>
			<Cell CellID="J_22" CellID2="AE_29" Encode="1" Value="-1784253846"/>
			<Cell CellID="H_23" CellID2="P_30" Encode="1" Value=""/>
			<Cell CellID="I_23" CellID2="Z_30" Encode="1" Value="0"/>
			<Cell CellID="J_23" CellID2="AE_30" Encode="1" Value="0"/>
			<Cell CellID="H_24" CellID2="P_31" Encode="1" Value=""/>
			<Cell CellID="I_24" CellID2="Z_31" Encode="1" Value="-1037699519"/>
			<Cell CellID="J_24" CellID2="AE_31" Encode="1" Value="-1784253846"/>
			<Cell CellID="I_28" CellID2="D_35" Encode="1" Value="Nguyễn Thiện Duy"/>
			<Cell CellID="I_30" CellID2="C_35" Encode="1" Value="22/06/2016"/>
		</Cells>
	</Section>
</Sections>
