<!-- Edited by NTTRUONG FIS_CMC-->
<!DOCTYPE Sections SYSTEM "..\..\InterfaceTemplates\Schema.dtd">
<Sections Version="130">
	<Section Dynamic="0" MaxRows="0">
		<Cells>
			<Cell CellID="J_2" CellID2="J_6" Encode="1" Receive="1" Value=""/>
			<Cell CellID="I_6" CellID2="I_11" Encode="1" Receive="1" Value="Cắt góc số hóa đơn chưa sử dụng"/>
			<Cell CellID="N_8" CellID2="L_58" Encode="1" Receive="1" Value="0"/>
			<Cell CellID="O_8" CellID2="D_58" Encode="1" Receive="1" Value="24/11/2014"/>
			<Cell CellID="L_8" CellID2="K_58" Encode="1" Receive="1" Value="9"/>
		</Cells>
	</Section>
	<Section Dynamic="1" MaxRows="0">
		<Cells>
			<Cell CellID="C_43" CellID2="AE_40" FirstCell="0" Encode="0" Receive="0" Value="01GTKT" StatusID="0001"/>
			<Cell CellID="E_43" CellID2="C_40" Encode="1" Receive="1" Value="Hóa đơn giá trị gia tăng" StatusID="0001"/>
			<Cell CellID="O_43" CellID2="L_40" Encode="1" Receive="1" Value="01GTKT3/001" StatusID="0001"/>
			<Cell CellID="S_43" CellID2="O_40" Encode="1" Receive="1" Value="HS/11P" StatusID="0001"/>
			<Cell CellID="V_43" CellID2="R_40" Encode="1" Receive="1" Value="0000064" StatusID="0001"/>
			<Cell CellID="Y_43" CellID2="V_40" Encode="1" Receive="1" Value="0000500" StatusID="0001"/>
			<Cell CellID="AA_43" CellID2="Z_40" Encode="1" Receive="1" Value="437" StatusID="0001"/>
			<Cell CellID="AI_43" CellID2="AC_40" Encode="0" Receive="1" Value="0         01GTKT    Hóa đơn giá trị gia tăng                                                                                                                                                                                " StatusID="0001"/>
			<Cell CellID="AJ_43" CellID2="AD_40" Encode="1" Receive="1" Value="0" StatusID="0001"/>
		</Cells>
		<Cells>
			<Cell CellID="C_44" CellID2="AE_41" FirstCell="1" Encode="0" Receive="0" Value="03XKNB" StatusID="0001"/>
			<Cell CellID="E_44" CellID2="C_41" Encode="1" Receive="1" Value="Phiếu xuất kho kiêm vận chuyển hàng hóa nội bộ" StatusID="0001"/>
			<Cell CellID="O_44" CellID2="L_41" Encode="1" Receive="1" Value="03XKNB3/001" StatusID="0001"/>
			<Cell CellID="S_44" CellID2="O_41" Encode="1" Receive="1" Value="HS/11P" StatusID="0001"/>
			<Cell CellID="V_44" CellID2="R_41" Encode="1" Receive="1" Value="0000032" StatusID="0001"/>
			<Cell CellID="Y_44" CellID2="V_41" Encode="1" Receive="1" Value="0000500" StatusID="0001"/>
			<Cell CellID="AA_44" CellID2="Z_41" Encode="1" Receive="1" Value="469" StatusID="0001"/>
			<Cell CellID="AI_44" CellID2="AC_41" Encode="0" Receive="1" Value="0         03XKNB    Phiếu xuất kho kiêm vận chuyển hàng hóa nội bộ                                                                                                                                                          " StatusID="0001"/>
			<Cell CellID="AJ_44" CellID2="AD_41" Encode="1" Receive="1" Value="0" StatusID="0001"/>
		</Cells>
	</Section>
	<Section Dynamic="0" MaxRows="0">
		<Cells>
			<Cell CellID="D_48" CellID2="E_57" Encode="1" Receive="1" Value="Đặng Vũ Thụy" StatusID="0001"/>
			<Cell CellID="R_48" CellID2="R_57" Encode="1" Receive="1" Value="Lê Thị Hoa" StatusID="0001"/>
			<Cell CellID="R_50" CellID2="R_59" Encode="1" Receive="1" Value="24/11/2014" StatusID="0001"/>
		</Cells>
	</Section>
</Sections>
