<!-- edited with XML Spy v4.1 U (http://www.xmlspy.com) by CMCSoft-->
<!DOCTYPE Sections SYSTEM "..\..\InterfaceTemplates\Schema.dtd">
<Sections Version="317">
	<Section Dynamic="0" MaxRows="0">
		<Cells>
			<Cell CellID="B_14" CellID2="AA_14" Encode="1" Receive="1" Value="" StatusID="0001"/>
			<Cell CellID="G_14" CellID2="AA_14" Encode="1" Receive="1" Value="" StatusID="0001"/>
			<Cell CellID="E_13" CellID2="E_13" Encode="1" Receive="1" Value="01/04/2016" StatusID="0001"/>
			<Cell CellID="F_13" CellID2="F_13" Encode="1" Receive="1" Value="30/06/2016" StatusID="0001"/>
		</Cells>
	</Section>
	<Section Dynamic="1" MaxRows="0">
		<Cells>
			<Cell CellID="C_22" CellID2="D_22" FirstCell="0" Encode="0" Receive="1" Value="01GTKT" StatusID="0001"/>
			<Cell CellID="D_22" CellID2="D_22" Encode="1" Receive="1" Value="Hóa đơn giá trị gia tăng" StatusID="0001"/>
			<Cell CellID="E_22" CellID2="E_22" Encode="1" Receive="1" Value="01GTKT3/003" StatusID="0001"/>
			<Cell CellID="F_22" CellID2="F_22" Encode="1" Receive="1" Value="KD/15P" StatusID="0001"/>
			<Cell CellID="G_22" CellID2="G_22" Encode="1" Receive="1" Value="160" StatusID="0001"/>
			<Cell CellID="H_22" CellID2="H_22" Encode="1" Receive="1" Value="0000341" StatusID=""/>
			<Cell CellID="I_22" CellID2="I_22" Encode="1" Receive="1" Value="0000500" StatusID="0001"/>
			<Cell CellID="J_22" CellID2="J_22" Encode="1" Receive="1" Value="" StatusID="0001"/>
			<Cell CellID="K_22" CellID2="K_22" Encode="1" Receive="1" Value="" StatusID="0001"/>
			<Cell CellID="L_22" CellID2="L_22" Encode="1" Receive="1" Value="0000341" StatusID="0001"/>
			<Cell CellID="M_22" CellID2="M_22" Encode="1" Receive="1" Value="0000487" StatusID="0001"/>
			<Cell CellID="N_22" CellID2="N_22" Encode="1" Receive="1" Value="147" StatusID="0001"/>
			<Cell CellID="P_22" CellID2="P_22" Encode="1" Receive="1" Value="102" StatusID="0001"/>
			<Cell CellID="Q_22" CellID2="Q_22" Encode="1" Receive="1" Value="45" StatusID="0001"/>
			<Cell CellID="R_22" CellID2="R_22" Encode="1" Receive="1" Value="342;343;346;348;349;350;357;358;361;368;374;377;378;389;393;395;405;406;414;415;416;424;430;431;436;439;441;442;445;446;447;448;449;450;451;453;457;459;461;466;468;471;476;477;480" StatusID="0001"/>
			<Cell CellID="S_22" CellID2="S_22" Encode="1" Receive="1" Value="0" StatusID="0001"/>
			<Cell CellID="T_22" CellID2="T_22" Encode="1" Receive="1" Value="" StatusID="0001"/>
			<Cell CellID="U_22" CellID2="U_22" Encode="1" Receive="1" Value="0" StatusID="0001"/>
			<Cell CellID="V_22" CellID2="V_22" Encode="1" Receive="1" Value="" StatusID="0001"/>
			<Cell CellID="X_22" CellID2="X_22" Encode="1" Receive="1" Value="0000488" StatusID="0001"/>
			<Cell CellID="Y_22" CellID2="Y_22" Encode="1" Receive="1" Value="0000500" StatusID="0001"/>
			<Cell CellID="Z_22" CellID2="Z_22" Encode="1" Receive="1" Value="13" StatusID="0001"/>
			<Cell CellID="AA_22" CellID2="AA_22" Encode="0" Receive="1" Value="0         01GTKT    Hóa đơn giá trị gia tăng                                                                                                                                                                                " StatusID="0001"/>
			<Cell CellID="AB_22" CellID2="AB_22" Encode="1" Receive="1" Value="0" StatusID="0001"/>
			<Cell CellID="AC_22" CellID2="AB_22" Encode="0" Receive="1" Value="1" StatusID="0001"/>
		</Cells>
	</Section>
	<Section Dynamic="0" MaxRows="0">
		<Cells>
			<Cell CellID="D_30" CellID2="E_30" Encode="1" Receive="1" Value="" StatusID="0001"/>
			<Cell CellID="N_30" CellID2="K_30" Encode="1" Receive="1" Value="Lê Thị Dung" StatusID="0001"/>
			<Cell CellID="N_32" CellID2="K_32" Encode="1" Receive="1" Value="28/07/2016" StatusID="0001"/>
			<Cell CellID="H_13" CellID2="H_13" Encode="1" Receive="1" Value="1" StatusID="0001"/>
		</Cells>
	</Section>
</Sections>
