<!-- edited with XML Spy v4.1 U (http://www.xmlspy.com) by CMCSoft-->
<!DOCTYPE Sections SYSTEM "..\..\InterfaceTemplates\Schema.dtd">
<Sections Version="340">
	<Section Dynamic="0" MaxRows="0">
		<Cells>
			<Cell CellID="D_7" CellID2="R_63" Encode="1" Value="" MCT=""/>
		</Cells>
	</Section>
	<Section Dynamic="0" MaxRows="0">
		<Cells>
			<Cell CellID="I_23" CellID2="BS_36" Encode="1" Value="" MCT=""/>
			<Cell CellID="L_24" CellID2="CT_37" Encode="1" Value="0" MCT="11"/>
			<Cell CellID="J_27" CellID2="BW_40" Encode="1" Value="437718244" MCT="11"/>
			<Cell CellID="L_27" CellID2="CT_40" Encode="1" Receive="0" Value="43771820" MCT=""/>
			<Cell CellID="L_28" CellID2="CT_41" Encode="1" Value="43771820" MCT=""/>
			<Cell CellID="J_30" CellID2="BW_43" Encode="1" Value="0" MCT=""/>
			<Cell CellID="J_31" CellID2="BW_44" Encode="1" Value="334838960" MCT=""/>
			<Cell CellID="L_31" CellID2="CT_44" Encode="1" Value="33483896" MCT=""/>
			<Cell CellID="J_32" CellID2="BW_45" Encode="1" Value="0" MCT=""/>
			<Cell CellID="J_33" CellID2="BW_46" Encode="1" Value="0" MCT=""/>
			<Cell CellID="L_33" CellID2="CT_46" Encode="1" Value="0" MCT=""/>
			<Cell CellID="J_34" CellID2="BW_47" Encode="1" Value="334838960" MCT=""/>
			<Cell CellID="L_34" CellID2="CT_47" Encode="1" Receive="0" Value="33483896" MCT=""/>
			<Cell CellID="J_35" CellID2="BW_48" Encode="1" Value="0" MCT=""/>
			<Cell CellID="J_36" CellID2="BW_49" Encode="1" Value="334838960" MCT=""/>
			<Cell CellID="L_36" CellID2="CT_49" Encode="1" Receive="0" Value="33483896" MCT=""/>
			<Cell CellID="L_37" CellID2="CT_50" Encode="1" Receive="0" Value="-10287924" MCT=""/>
			<Cell CellID="L_39" CellID2="CT_52" Encode="1" Value="0" MCT=""/>
			<Cell CellID="L_40" CellID2="CT_53" Encode="1" Receive="0" Value="0" MCT=""/>
			<Cell CellID="L_41" CellID2="CT_54" Encode="1" Receive="0" Value="0" MCT=""/>
			<Cell CellID="L_43" CellID2="CT_56" Encode="1" Value="0" MCT=""/>
			<Cell CellID="L_44" CellID2="CT_57" Encode="1" Value="0" MCT=""/>
			<Cell CellID="L_45" CellID2="CT_58" Encode="1" Value="0" MCT=""/>
			<Cell CellID="L_46" CellID2="CT_59" Encode="1" Value="10287924" MCT=""/>
			<Cell CellID="L_47" CellID2="CT_60" Encode="1" Value="0" MCT=""/>
			<Cell CellID="L_48" CellID2="CT_61" Encode="1" Value="10287924" MCT=""/>
		</Cells>
	</Section>
	<Section Dynamic="0" MaxRows="0">
		<Cells>
			<Cell CellID="D_50" CellID2="U_66" Encode="1" Value="" MCT=""/>
			<Cell CellID="D_51" CellID2="U_67" Encode="1" Receive="0" Value="" MCT=""/>
			<Cell CellID="K_50" CellID2="BV_68" Encode="1" Value="Lê Thị Dung" MCT=""/>
			<Cell CellID="K_51" CellID2="C_64" Encode="1" Value="16/07/2014" MCT=""/>
			<Cell CellID="K_53" CellID2="Y_64" Encode="1" Value="" MCT=""/>
			<Cell CellID="L_53" CellID2="AG_64" Encode="1" Value="1" MCT=""/>
			<Cell CellID="O_53" CellID2="AH_64" Encode="1" Receive="1" Value="1"/>
			<Cell CellID="L_14" CellID2="" Encode="1" Receive="1" Value="1701"/>
			<Cell CellID="B_18" CellID2="C_33" Encode="1" Receive="1" Value=""/>
			<Cell CellID="D_20" CellID2="O_34" Encode="0" Receive="1" Value=""/>
			<Cell CellID="P_20" CellID2="W_64" Encode="1" Receive="1" Value=""/>
			<Cell CellID="N_53" CellID2="AM_64" Encode="1" Receive="1" Value="1"/>
		</Cells>
	</Section>
</Sections>
