<!-- edited with XML Spy v4.1 U (http://www.xmlspy.com) by CMCSoft-->
<!DOCTYPE Sections SYSTEM "..\..\InterfaceTemplates\Schema.dtd">
<Sections Version="321">
	<Section Dynamic="1" MaxRows="0">
		<Cells>
			<Cell CellID="C_8" CellID2="AU_18" FirstCell="0" Encode="0" Receive="1" Value="" StatusID="0001"/>
			<Cell CellID="D_8" CellID2="C_18" Encode="1" Receive="1" Value="01GTKT3/001" StatusID="0001"/>
			<Cell CellID="E_8" CellID2="E_18" Encode="1" Receive="1" Value="PL/13P" StatusID="0001"/>
			<Cell CellID="F_8" CellID2="G_18" Encode="1" Receive="1" Value="0172805" StatusID="0001"/>
			<Cell CellID="G_8" CellID2="M_18" Encode="1" Receive="1" Value="19/12/2013" StatusID="0001"/>
			<Cell CellID="H_8" CellID2="R_18" Encode="1" Receive="1" Value="Công Ty TNHH Cảng Phước Long" StatusID="0001"/>
			<Cell CellID="I_8" CellID2="X_18" Encode="1" Receive="1" Value="0304791385" StatusID="0001"/>
			<Cell CellID="J_8" CellID2="AB_18" Encode="1" Receive="1" Value="Phí nâng rỗng lạnh" StatusID="0001"/>
			<Cell CellID="K_8" CellID2="AF_18" Encode="1" Receive="1" Value="404545" StatusID="0001"/>
			<Cell CellID="L_8" CellID2="AJ_18" Encode="1" Receive="1" Value="10" StatusID="0001"/>
			<Cell CellID="M_8" CellID2="AN_18" Encode="1" Receive="1" Value="40455" StatusID="0001"/>
			<Cell CellID="N_8" CellID2="AR_18" Encode="1" Receive="1" Value="" StatusID="0001"/>
		</Cells>
		<Cells>
			<Cell CellID="C_9" CellID2="AU_19" FirstCell="1" Encode="0" Receive="1" Value="" StatusID="0001"/>
			<Cell CellID="D_9" CellID2="C_19" Encode="1" Receive="1" Value="01GTKT3/003" StatusID="0001"/>
			<Cell CellID="E_9" CellID2="E_19" Encode="1" Receive="1" Value="AA/13P" StatusID="0001"/>
			<Cell CellID="F_9" CellID2="G_19" Encode="1" Receive="1" Value="0914992" StatusID="0001"/>
			<Cell CellID="G_9" CellID2="M_19" Encode="1" Receive="1" Value="20/12/2013" StatusID="0001"/>
			<Cell CellID="H_9" CellID2="R_19" Encode="1" Receive="1" Value="Công Ty TNHH MTV Tổng Công Ty Tân Cảng Sài Gòn" StatusID="0001"/>
			<Cell CellID="I_9" CellID2="X_19" Encode="1" Receive="1" Value="0300514849" StatusID="0001"/>
			<Cell CellID="J_9" CellID2="AB_19" Encode="1" Receive="1" Value="Hạ bãi chờ xuất cont hàng lạnh" StatusID="0001"/>
			<Cell CellID="K_9" CellID2="AF_19" Encode="1" Receive="1" Value="440909" StatusID="0001"/>
			<Cell CellID="L_9" CellID2="AJ_19" Encode="1" Receive="1" Value="10" StatusID="0001"/>
			<Cell CellID="M_9" CellID2="AN_19" Encode="1" Receive="1" Value="44091" StatusID="0001"/>
			<Cell CellID="N_9" CellID2="AR_19" Encode="1" Receive="1" Value="" StatusID="0001"/>
		</Cells>
		<Cells>
			<Cell CellID="C_10" CellID2="AU_20" FirstCell="1" Encode="0" Receive="1" Value="" StatusID="0001"/>
			<Cell CellID="D_10" CellID2="C_20" Encode="1" Receive="1" Value="01GTKT2/001" StatusID="0001"/>
			<Cell CellID="E_10" CellID2="E_20" Encode="1" Receive="1" Value="AC/14T" StatusID="0001"/>
			<Cell CellID="F_10" CellID2="G_20" Encode="1" Receive="1" Value="0079642" StatusID="0001"/>
			<Cell CellID="G_10" CellID2="M_20" Encode="1" Receive="1" Value="27/02/2014" StatusID="0001"/>
			<Cell CellID="H_10" CellID2="R_20" Encode="1" Receive="1" Value="Công Ty Điện Lực Long An" StatusID="0001"/>
			<Cell CellID="I_10" CellID2="X_20" Encode="1" Receive="1" Value="0300942001017" StatusID="0001"/>
			<Cell CellID="J_10" CellID2="AB_20" Encode="1" Receive="1" Value="Tiền điện kỳ 3 tháng 2/2014" StatusID="0001"/>
			<Cell CellID="K_10" CellID2="AF_20" Encode="1" Receive="1" Value="17604300" StatusID="0001"/>
			<Cell CellID="L_10" CellID2="AJ_20" Encode="1" Receive="1" Value="10" StatusID="0001"/>
			<Cell CellID="M_10" CellID2="AN_20" Encode="1" Receive="1" Value="1760430" StatusID="0001"/>
			<Cell CellID="N_10" CellID2="AR_20" Encode="1" Receive="1" Value="" StatusID="0001"/>
		</Cells>
		<Cells>
			<Cell CellID="C_11" CellID2="AU_21" FirstCell="1" Encode="0" Receive="1" Value="" StatusID="0001"/>
			<Cell CellID="D_11" CellID2="C_21" Encode="1" Receive="1" Value="01GTKT3/001" StatusID="0001"/>
			<Cell CellID="E_11" CellID2="E_21" Encode="1" Receive="1" Value="HS/13T" StatusID="0001"/>
			<Cell CellID="F_11" CellID2="G_21" Encode="1" Receive="1" Value="0000755" StatusID="0001"/>
			<Cell CellID="G_11" CellID2="M_21" Encode="1" Receive="1" Value="28/02/2014" StatusID="0001"/>
			<Cell CellID="H_11" CellID2="R_21" Encode="1" Receive="1" Value="Công Ty TNHH Hải Sơn" StatusID="0001"/>
			<Cell CellID="I_11" CellID2="X_21" Encode="1" Receive="1" Value="1100601422" StatusID="0001"/>
			<Cell CellID="J_11" CellID2="AB_21" Encode="1" Receive="1" Value="Nước, phí hạ tầng" StatusID="0001"/>
			<Cell CellID="K_11" CellID2="AF_21" Encode="1" Receive="1" Value="8834500" StatusID="0001"/>
			<Cell CellID="L_11" CellID2="AJ_21" Encode="1" Receive="1" Value="10" StatusID="0001"/>
			<Cell CellID="M_11" CellID2="AN_21" Encode="1" Receive="1" Value="563050" StatusID="0001"/>
			<Cell CellID="N_11" CellID2="AR_21" Encode="1" Receive="1" Value="" StatusID="0001"/>
		</Cells>
		<Cells>
			<Cell CellID="C_12" CellID2="AU_22" FirstCell="1" Encode="0" Receive="1" Value="" StatusID="0001"/>
			<Cell CellID="D_12" CellID2="C_22" Encode="1" Receive="1" Value="01GTKT2/001" StatusID="0001"/>
			<Cell CellID="E_12" CellID2="E_22" Encode="1" Receive="1" Value="TD/10P" StatusID="0001"/>
			<Cell CellID="F_12" CellID2="G_22" Encode="1" Receive="1" Value="0003135" StatusID="0001"/>
			<Cell CellID="G_12" CellID2="M_22" Encode="1" Receive="1" Value="04/03/2014" StatusID="0001"/>
			<Cell CellID="H_12" CellID2="R_22" Encode="1" Receive="1" Value="Công Ty TNHH Tấn Dũng" StatusID="0001"/>
			<Cell CellID="I_12" CellID2="X_22" Encode="1" Receive="1" Value="1200469792" StatusID="0001"/>
			<Cell CellID="J_12" CellID2="AB_22" Encode="1" Receive="1" Value="Thùng carton" StatusID="0001"/>
			<Cell CellID="K_12" CellID2="AF_22" Encode="1" Receive="1" Value="10479500" StatusID="0001"/>
			<Cell CellID="L_12" CellID2="AJ_22" Encode="1" Receive="1" Value="10" StatusID="0001"/>
			<Cell CellID="M_12" CellID2="AN_22" Encode="1" Receive="1" Value="1047950" StatusID="0001"/>
			<Cell CellID="N_12" CellID2="AR_22" Encode="1" Receive="1" Value="" StatusID="0001"/>
		</Cells>
		<Cells>
			<Cell CellID="C_13" CellID2="AU_23" FirstCell="1" Encode="0" Receive="1" Value="" StatusID="0001"/>
			<Cell CellID="D_13" CellID2="C_23" Encode="1" Receive="1" Value="01GTKT2/002" StatusID="0001"/>
			<Cell CellID="E_13" CellID2="E_23" Encode="1" Receive="1" Value="AA/12P" StatusID="0001"/>
			<Cell CellID="F_13" CellID2="G_23" Encode="1" Receive="1" Value="0189915" StatusID="0001"/>
			<Cell CellID="G_13" CellID2="M_23" Encode="1" Receive="1" Value="04/03/2014" StatusID="0001"/>
			<Cell CellID="H_13" CellID2="R_23" Encode="1" Receive="1" Value="Tổng Công Ty CP Bưu Chính Viettel" StatusID="0001"/>
			<Cell CellID="I_13" CellID2="X_23" Encode="1" Receive="1" Value="0104093672" StatusID="0001"/>
			<Cell CellID="J_13" CellID2="AB_23" Encode="1" Receive="1" Value="Cước CPN tháng 2/2014" StatusID="0001"/>
			<Cell CellID="K_13" CellID2="AF_23" Encode="1" Receive="1" Value="67800" StatusID="0001"/>
			<Cell CellID="L_13" CellID2="AJ_23" Encode="1" Receive="1" Value="10" StatusID="0001"/>
			<Cell CellID="M_13" CellID2="AN_23" Encode="1" Receive="1" Value="6780" StatusID="0001"/>
			<Cell CellID="N_13" CellID2="AR_23" Encode="1" Receive="1" Value="" StatusID="0001"/>
		</Cells>
		<Cells>
			<Cell CellID="C_14" CellID2="AU_24" FirstCell="1" Encode="0" Receive="1" Value="" StatusID="0001"/>
			<Cell CellID="D_14" CellID2="C_24" Encode="1" Receive="1" Value="01GTKT3/001" StatusID="0001"/>
			<Cell CellID="E_14" CellID2="E_24" Encode="1" Receive="1" Value="AP/11P" StatusID="0001"/>
			<Cell CellID="F_14" CellID2="G_24" Encode="1" Receive="1" Value="0007005" StatusID="0001"/>
			<Cell CellID="G_14" CellID2="M_24" Encode="1" Receive="1" Value="05/03/2014" StatusID="0001"/>
			<Cell CellID="H_14" CellID2="R_24" Encode="1" Receive="1" Value="Công Ty Cổ Phần Chiếu Xạ An Phú" StatusID="0001"/>
			<Cell CellID="I_14" CellID2="X_24" Encode="1" Receive="1" Value="3700480244" StatusID="0001"/>
			<Cell CellID="J_14" CellID2="AB_24" Encode="1" Receive="1" Value="Phí xử lý khô cá, phí bốc xếp" StatusID="0001"/>
			<Cell CellID="K_14" CellID2="AF_24" Encode="1" Receive="1" Value="12030960" StatusID="0001"/>
			<Cell CellID="L_14" CellID2="AJ_24" Encode="1" Receive="1" Value="10" StatusID="0001"/>
			<Cell CellID="M_14" CellID2="AN_24" Encode="1" Receive="1" Value="1203096" StatusID="0001"/>
			<Cell CellID="N_14" CellID2="AR_24" Encode="1" Receive="1" Value="" StatusID="0001"/>
		</Cells>
		<Cells>
			<Cell CellID="C_15" CellID2="AU_25" FirstCell="1" Encode="0" Receive="1" Value="" StatusID="0001"/>
			<Cell CellID="D_15" CellID2="C_25" Encode="1" Receive="1" Value="01GTKT3/001" StatusID="0001"/>
			<Cell CellID="E_15" CellID2="E_25" Encode="1" Receive="1" Value="AP/11P" StatusID="0001"/>
			<Cell CellID="F_15" CellID2="G_25" Encode="1" Receive="1" Value="0007005" StatusID="0001"/>
			<Cell CellID="G_15" CellID2="M_25" Encode="1" Receive="1" Value="05/03/2014" StatusID="0001"/>
			<Cell CellID="H_15" CellID2="R_25" Encode="1" Receive="1" Value="Công Ty Cổ Phần Chiếu Xạ An Phú" StatusID="0001"/>
			<Cell CellID="I_15" CellID2="X_25" Encode="1" Receive="1" Value="3700480244" StatusID="0001"/>
			<Cell CellID="J_15" CellID2="AB_25" Encode="1" Receive="1" Value="Phí xử lý khô cá, phí bốc xếp" StatusID="0001"/>
			<Cell CellID="K_15" CellID2="AF_25" Encode="1" Receive="1" Value="11888640" StatusID="0001"/>
			<Cell CellID="L_15" CellID2="AJ_25" Encode="1" Receive="1" Value="10" StatusID="0001"/>
			<Cell CellID="M_15" CellID2="AN_25" Encode="1" Receive="1" Value="1188864" StatusID="0001"/>
			<Cell CellID="N_15" CellID2="AR_25" Encode="1" Receive="1" Value="" StatusID="0001"/>
		</Cells>
		<Cells>
			<Cell CellID="C_16" CellID2="AU_26" FirstCell="1" Encode="0" Receive="1" Value="" StatusID="0001"/>
			<Cell CellID="D_16" CellID2="C_26" Encode="1" Receive="1" Value="01GTKT3/001" StatusID="0001"/>
			<Cell CellID="E_16" CellID2="E_26" Encode="1" Receive="1" Value="PV/11P" StatusID="0001"/>
			<Cell CellID="F_16" CellID2="G_26" Encode="1" Receive="1" Value="0000167" StatusID="0001"/>
			<Cell CellID="G_16" CellID2="M_26" Encode="1" Receive="1" Value="06/03/2014" StatusID="0001"/>
			<Cell CellID="H_16" CellID2="R_26" Encode="1" Receive="1" Value="DNTN Phú Vinh" StatusID="0001"/>
			<Cell CellID="I_16" CellID2="X_26" Encode="1" Receive="1" Value="3500665833" StatusID="0001"/>
			<Cell CellID="J_16" CellID2="AB_26" Encode="1" Receive="1" Value="Phơi gia công" StatusID="0001"/>
			<Cell CellID="K_16" CellID2="AF_26" Encode="1" Receive="1" Value="12400000" StatusID="0001"/>
			<Cell CellID="L_16" CellID2="AJ_26" Encode="1" Receive="1" Value="10" StatusID="0001"/>
			<Cell CellID="M_16" CellID2="AN_26" Encode="1" Receive="1" Value="1240000" StatusID="0001"/>
			<Cell CellID="N_16" CellID2="AR_26" Encode="1" Receive="1" Value="" StatusID="0001"/>
		</Cells>
		<Cells>
			<Cell CellID="C_17" CellID2="AU_27" FirstCell="1" Encode="0" Receive="1" Value="" StatusID="0001"/>
			<Cell CellID="D_17" CellID2="C_27" Encode="1" Receive="1" Value="01GTKT2/001" StatusID="0001"/>
			<Cell CellID="E_17" CellID2="E_27" Encode="1" Receive="1" Value="AC/14T" StatusID="0001"/>
			<Cell CellID="F_17" CellID2="G_27" Encode="1" Receive="1" Value="0080147" StatusID="0001"/>
			<Cell CellID="G_17" CellID2="M_27" Encode="1" Receive="1" Value="07/03/2014" StatusID="0001"/>
			<Cell CellID="H_17" CellID2="R_27" Encode="1" Receive="1" Value="Công Ty Điện Lực Long An" StatusID="0001"/>
			<Cell CellID="I_17" CellID2="X_27" Encode="1" Receive="1" Value="0300942001017" StatusID="0001"/>
			<Cell CellID="J_17" CellID2="AB_27" Encode="1" Receive="1" Value="Tiền điện kỳ 1 tháng 3/2014" StatusID="0001"/>
			<Cell CellID="K_17" CellID2="AF_27" Encode="1" Receive="1" Value="17172900" StatusID="0001"/>
			<Cell CellID="L_17" CellID2="AJ_27" Encode="1" Receive="1" Value="10" StatusID="0001"/>
			<Cell CellID="M_17" CellID2="AN_27" Encode="1" Receive="1" Value="1717290" StatusID="0001"/>
			<Cell CellID="N_17" CellID2="AR_27" Encode="1" Receive="1" Value="" StatusID="0001"/>
		</Cells>
		<Cells>
			<Cell CellID="C_18" CellID2="AU_28" FirstCell="1" Encode="0" Receive="1" Value="" StatusID="0001"/>
			<Cell CellID="D_18" CellID2="C_28" Encode="1" Receive="1" Value="01GTKT3/001" StatusID="0001"/>
			<Cell CellID="E_18" CellID2="E_28" Encode="1" Receive="1" Value="PV/11P" StatusID="0001"/>
			<Cell CellID="F_18" CellID2="G_28" Encode="1" Receive="1" Value="0000168" StatusID="0001"/>
			<Cell CellID="G_18" CellID2="M_28" Encode="1" Receive="1" Value="09/03/2014" StatusID="0001"/>
			<Cell CellID="H_18" CellID2="R_28" Encode="1" Receive="1" Value="DNTN Phú Vinh" StatusID="0001"/>
			<Cell CellID="I_18" CellID2="X_28" Encode="1" Receive="1" Value="3500665833" StatusID="0001"/>
			<Cell CellID="J_18" CellID2="AB_28" Encode="1" Receive="1" Value="Phơi gia công" StatusID="0001"/>
			<Cell CellID="K_18" CellID2="AF_28" Encode="1" Receive="1" Value="13120000" StatusID="0001"/>
			<Cell CellID="L_18" CellID2="AJ_28" Encode="1" Receive="1" Value="10" StatusID="0001"/>
			<Cell CellID="M_18" CellID2="AN_28" Encode="1" Receive="1" Value="1312000" StatusID="0001"/>
			<Cell CellID="N_18" CellID2="AR_28" Encode="1" Receive="1" Value="" StatusID="0001"/>
		</Cells>
		<Cells>
			<Cell CellID="C_19" CellID2="AU_29" FirstCell="1" Encode="0" Receive="1" Value="" StatusID="0001"/>
			<Cell CellID="D_19" CellID2="C_29" Encode="1" Receive="1" Value="01GTKT3/001" StatusID="0001"/>
			<Cell CellID="E_19" CellID2="E_29" Encode="1" Receive="1" Value="AA/11P" StatusID="0001"/>
			<Cell CellID="F_19" CellID2="G_29" Encode="1" Receive="1" Value="0331886" StatusID="0001"/>
			<Cell CellID="G_19" CellID2="M_29" Encode="1" Receive="1" Value="10/03/2014" StatusID="0001"/>
			<Cell CellID="H_19" CellID2="R_29" Encode="1" Receive="1" Value="Công Ty Bảo Minh Bến Tre" StatusID="0001"/>
			<Cell CellID="I_19" CellID2="X_29" Encode="1" Receive="1" Value="0300446973" StatusID="0001"/>
			<Cell CellID="J_19" CellID2="AB_29" Encode="1" Receive="1" Value="MCE/00694536" StatusID="0001"/>
			<Cell CellID="K_19" CellID2="AF_29" Encode="1" Receive="1" Value="5371008" StatusID="0001"/>
			<Cell CellID="L_19" CellID2="AJ_29" Encode="1" Receive="1" Value="10" StatusID="0001"/>
			<Cell CellID="M_19" CellID2="AN_29" Encode="1" Receive="1" Value="537101" StatusID="0001"/>
			<Cell CellID="N_19" CellID2="AR_29" Encode="1" Receive="1" Value="" StatusID="0001"/>
		</Cells>
		<Cells>
			<Cell CellID="C_20" CellID2="AU_30" FirstCell="1" Encode="0" Receive="1" Value="" StatusID="0001"/>
			<Cell CellID="D_20" CellID2="C_30" Encode="1" Receive="1" Value="01GTKT3/001" StatusID="0001"/>
			<Cell CellID="E_20" CellID2="E_30" Encode="1" Receive="1" Value="TN/11P" StatusID="0001"/>
			<Cell CellID="F_20" CellID2="G_30" Encode="1" Receive="1" Value="0000770" StatusID="0001"/>
			<Cell CellID="G_20" CellID2="M_30" Encode="1" Receive="1" Value="10/03/2014" StatusID="0001"/>
			<Cell CellID="H_20" CellID2="R_30" Encode="1" Receive="1" Value="Công Ty TNHH Thương Mại Dịch Vụ Toàn Nguyễn" StatusID="0001"/>
			<Cell CellID="I_20" CellID2="X_30" Encode="1" Receive="1" Value="0310610823" StatusID="0001"/>
			<Cell CellID="J_20" CellID2="AB_30" Encode="1" Receive="1" Value="Bảo hộ lao động" StatusID="0001"/>
			<Cell CellID="K_20" CellID2="AF_30" Encode="1" Receive="1" Value="24000000" StatusID="0001"/>
			<Cell CellID="L_20" CellID2="AJ_30" Encode="1" Receive="1" Value="10" StatusID="0001"/>
			<Cell CellID="M_20" CellID2="AN_30" Encode="1" Receive="1" Value="2400000" StatusID="0001"/>
			<Cell CellID="N_20" CellID2="AR_30" Encode="1" Receive="1" Value="" StatusID="0001"/>
		</Cells>
		<Cells>
			<Cell CellID="C_21" CellID2="AU_31" FirstCell="1" Encode="0" Receive="1" Value="" StatusID="0001"/>
			<Cell CellID="D_21" CellID2="C_31" Encode="1" Receive="1" Value="01GTKT3/001" StatusID="0001"/>
			<Cell CellID="E_21" CellID2="E_31" Encode="1" Receive="1" Value="AA/13P" StatusID="0001"/>
			<Cell CellID="F_21" CellID2="G_31" Encode="1" Receive="1" Value="0452473" StatusID="0001"/>
			<Cell CellID="G_21" CellID2="M_31" Encode="1" Receive="1" Value="11/03/2014" StatusID="0001"/>
			<Cell CellID="H_21" CellID2="R_31" Encode="1" Receive="1" Value="Công Ty CP Vật Tư - Xăng Dầu (COMECO)" StatusID="0001"/>
			<Cell CellID="I_21" CellID2="X_31" Encode="1" Receive="1" Value="0300450673" StatusID="0001"/>
			<Cell CellID="J_21" CellID2="AB_31" Encode="1" Receive="1" Value="Xăng 95" StatusID="0001"/>
			<Cell CellID="K_21" CellID2="AF_31" Encode="1" Receive="1" Value="2682891" StatusID="0001"/>
			<Cell CellID="L_21" CellID2="AJ_31" Encode="1" Receive="1" Value="10" StatusID="0001"/>
			<Cell CellID="M_21" CellID2="AN_31" Encode="1" Receive="1" Value="268289" StatusID="0001"/>
			<Cell CellID="N_21" CellID2="AR_31" Encode="1" Receive="1" Value="" StatusID="0001"/>
		</Cells>
		<Cells>
			<Cell CellID="C_22" CellID2="AU_32" FirstCell="1" Encode="0" Receive="1" Value="" StatusID="0001"/>
			<Cell CellID="D_22" CellID2="C_32" Encode="1" Receive="1" Value="01GTKT3/001" StatusID="0001"/>
			<Cell CellID="E_22" CellID2="E_32" Encode="1" Receive="1" Value="AA/13P" StatusID="0001"/>
			<Cell CellID="F_22" CellID2="G_32" Encode="1" Receive="1" Value="0452474" StatusID="0001"/>
			<Cell CellID="G_22" CellID2="M_32" Encode="1" Receive="1" Value="11/03/2014" StatusID="0001"/>
			<Cell CellID="H_22" CellID2="R_32" Encode="1" Receive="1" Value="Công Ty CP Vật Tư - Xăng Dầu (COMECO)" StatusID="0001"/>
			<Cell CellID="I_22" CellID2="X_32" Encode="1" Receive="1" Value="0300450673" StatusID="0001"/>
			<Cell CellID="J_22" CellID2="AB_32" Encode="1" Receive="1" Value="Dầu DO" StatusID="0001"/>
			<Cell CellID="K_22" CellID2="AF_32" Encode="1" Receive="1" Value="621000" StatusID="0001"/>
			<Cell CellID="L_22" CellID2="AJ_32" Encode="1" Receive="1" Value="10" StatusID="0001"/>
			<Cell CellID="M_22" CellID2="AN_32" Encode="1" Receive="1" Value="62100" StatusID="0001"/>
			<Cell CellID="N_22" CellID2="AR_32" Encode="1" Receive="1" Value="" StatusID="0001"/>
		</Cells>
		<Cells>
			<Cell CellID="C_23" CellID2="AU_33" FirstCell="1" Encode="0" Receive="1" Value="" StatusID="0001"/>
			<Cell CellID="D_23" CellID2="C_33" Encode="1" Receive="1" Value="01GTKT3/001" StatusID="0001"/>
			<Cell CellID="E_23" CellID2="E_33" Encode="1" Receive="1" Value="PV/11P" StatusID="0001"/>
			<Cell CellID="F_23" CellID2="G_33" Encode="1" Receive="1" Value="0000169" StatusID="0001"/>
			<Cell CellID="G_23" CellID2="M_33" Encode="1" Receive="1" Value="12/03/2014" StatusID="0001"/>
			<Cell CellID="H_23" CellID2="R_33" Encode="1" Receive="1" Value="DNTN Phú Vinh" StatusID="0001"/>
			<Cell CellID="I_23" CellID2="X_33" Encode="1" Receive="1" Value="3500665833" StatusID="0001"/>
			<Cell CellID="J_23" CellID2="AB_33" Encode="1" Receive="1" Value="Phơi gia công" StatusID="0001"/>
			<Cell CellID="K_23" CellID2="AF_33" Encode="1" Receive="1" Value="11840000" StatusID="0001"/>
			<Cell CellID="L_23" CellID2="AJ_33" Encode="1" Receive="1" Value="10" StatusID="0001"/>
			<Cell CellID="M_23" CellID2="AN_33" Encode="1" Receive="1" Value="1184000" StatusID="0001"/>
			<Cell CellID="N_23" CellID2="AR_33" Encode="1" Receive="1" Value="" StatusID="0001"/>
		</Cells>
		<Cells>
			<Cell CellID="C_24" CellID2="AU_34" FirstCell="1" Encode="0" Receive="1" Value="" StatusID="0001"/>
			<Cell CellID="D_24" CellID2="C_34" Encode="1" Receive="1" Value="02GTTT3/001" StatusID="0001"/>
			<Cell CellID="E_24" CellID2="E_34" Encode="1" Receive="1" Value="03CH/13P" StatusID="0001"/>
			<Cell CellID="F_24" CellID2="G_34" Encode="1" Receive="1" Value="0089409" StatusID="0001"/>
			<Cell CellID="G_24" CellID2="M_34" Encode="1" Receive="1" Value="12/03/2014" StatusID="0001"/>
			<Cell CellID="H_24" CellID2="R_34" Encode="1" Receive="1" Value="Cửa Hàng Xuân Thu" StatusID="0001"/>
			<Cell CellID="I_24" CellID2="X_34" Encode="1" Receive="1" Value="0303337436" StatusID="0001"/>
			<Cell CellID="J_24" CellID2="AB_34" Encode="1" Receive="1" Value="Phí diệt chuột, ruồi" StatusID="0001"/>
			<Cell CellID="K_24" CellID2="AF_34" Encode="1" Receive="1" Value="12000000" StatusID="0001"/>
			<Cell CellID="L_24" CellID2="AJ_34" Encode="1" Receive="1" Value="0" StatusID="0001"/>
			<Cell CellID="M_24" CellID2="AN_34" Encode="1" Receive="1" Value="0" StatusID="0001"/>
			<Cell CellID="N_24" CellID2="AR_34" Encode="1" Receive="1" Value="" StatusID="0001"/>
		</Cells>
		<Cells>
			<Cell CellID="C_25" CellID2="AU_35" FirstCell="1" Encode="0" Receive="1" Value="" StatusID="0001"/>
			<Cell CellID="D_25" CellID2="C_35" Encode="1" Receive="1" Value="01GTKT2/002" StatusID="0001"/>
			<Cell CellID="E_25" CellID2="E_35" Encode="1" Receive="1" Value="ML/13P" StatusID="0001"/>
			<Cell CellID="F_25" CellID2="G_35" Encode="1" Receive="1" Value="0004732" StatusID="0001"/>
			<Cell CellID="G_25" CellID2="M_35" Encode="1" Receive="1" Value="14/03/2014" StatusID="0001"/>
			<Cell CellID="H_25" CellID2="R_35" Encode="1" Receive="1" Value="Công Ty TNHH Giao Nhận Vận Tải Giai Điệu" StatusID="0001"/>
			<Cell CellID="I_25" CellID2="X_35" Encode="1" Receive="1" Value="0309499306" StatusID="0001"/>
			<Cell CellID="J_25" CellID2="AB_35" Encode="1" Receive="1" Value="Cước vận chuyển quốc tế" StatusID="0001"/>
			<Cell CellID="K_25" CellID2="AF_35" Encode="1" Receive="1" Value="88704000" StatusID="0001"/>
			<Cell CellID="L_25" CellID2="AJ_35" Encode="1" Receive="1" Value="0" StatusID="0001"/>
			<Cell CellID="M_25" CellID2="AN_35" Encode="1" Receive="1" Value="0" StatusID="0001"/>
			<Cell CellID="N_25" CellID2="AR_35" Encode="1" Receive="1" Value="" StatusID="0001"/>
		</Cells>
		<Cells>
			<Cell CellID="C_26" CellID2="AU_36" FirstCell="1" Encode="0" Receive="1" Value="" StatusID="0001"/>
			<Cell CellID="D_26" CellID2="C_36" Encode="1" Receive="1" Value="01GTKT2/002" StatusID="0001"/>
			<Cell CellID="E_26" CellID2="E_36" Encode="1" Receive="1" Value="ML/13P" StatusID="0001"/>
			<Cell CellID="F_26" CellID2="G_36" Encode="1" Receive="1" Value="0004733" StatusID="0001"/>
			<Cell CellID="G_26" CellID2="M_36" Encode="1" Receive="1" Value="14/03/2014" StatusID="0001"/>
			<Cell CellID="H_26" CellID2="R_36" Encode="1" Receive="1" Value="Công Ty TNHH Giao Nhận Vận Tải Giai Điệu" StatusID="0001"/>
			<Cell CellID="I_26" CellID2="X_36" Encode="1" Receive="1" Value="0309499306" StatusID="0001"/>
			<Cell CellID="J_26" CellID2="AB_36" Encode="1" Receive="1" Value="Phí xếp dỡ, niêm chì, phí chứng từ" StatusID="0001"/>
			<Cell CellID="K_26" CellID2="AF_36" Encode="1" Receive="1" Value="4984320" StatusID="0001"/>
			<Cell CellID="L_26" CellID2="AJ_36" Encode="1" Receive="1" Value="10" StatusID="0001"/>
			<Cell CellID="M_26" CellID2="AN_36" Encode="1" Receive="1" Value="498432" StatusID="0001"/>
			<Cell CellID="N_26" CellID2="AR_36" Encode="1" Receive="1" Value="" StatusID="0001"/>
		</Cells>
		<Cells>
			<Cell CellID="C_27" CellID2="AU_37" FirstCell="1" Encode="0" Receive="1" Value="" StatusID="0001"/>
			<Cell CellID="D_27" CellID2="C_37" Encode="1" Receive="1" Value="01GTKT3/001" StatusID="0001"/>
			<Cell CellID="E_27" CellID2="E_37" Encode="1" Receive="1" Value="HS/11P" StatusID="0001"/>
			<Cell CellID="F_27" CellID2="G_37" Encode="1" Receive="1" Value="0000041" StatusID="0001"/>
			<Cell CellID="G_27" CellID2="M_37" Encode="1" Receive="1" Value="15/03/2014" StatusID="0001"/>
			<Cell CellID="H_27" CellID2="R_37" Encode="1" Receive="1" Value="Công Ty TNHH Hải Sản An Lạc" StatusID="0001"/>
			<Cell CellID="I_27" CellID2="X_37" Encode="1" Receive="1" Value="0304375917" StatusID="0001"/>
			<Cell CellID="J_27" CellID2="AB_37" Encode="1" Receive="1" Value="Phí thuê xe" StatusID="0001"/>
			<Cell CellID="K_27" CellID2="AF_37" Encode="1" Receive="1" Value="46000000" StatusID="0001"/>
			<Cell CellID="L_27" CellID2="AJ_37" Encode="1" Receive="1" Value="10" StatusID="0001"/>
			<Cell CellID="M_27" CellID2="AN_37" Encode="1" Receive="1" Value="4600000" StatusID="0001"/>
			<Cell CellID="N_27" CellID2="AR_37" Encode="1" Receive="1" Value="" StatusID="0001"/>
		</Cells>
		<Cells>
			<Cell CellID="C_28" CellID2="AU_38" FirstCell="1" Encode="0" Receive="1" Value="" StatusID="0001"/>
			<Cell CellID="D_28" CellID2="C_38" Encode="1" Receive="1" Value="01GTKT3/001" StatusID="0001"/>
			<Cell CellID="E_28" CellID2="E_38" Encode="1" Receive="1" Value="AA/13P" StatusID="0001"/>
			<Cell CellID="F_28" CellID2="G_38" Encode="1" Receive="1" Value="0000796" StatusID="0001"/>
			<Cell CellID="G_28" CellID2="M_38" Encode="1" Receive="1" Value="15/03/2014" StatusID="0001"/>
			<Cell CellID="H_28" CellID2="R_38" Encode="1" Receive="1" Value="DNTN Nguyễn Văn Sáu" StatusID="0001"/>
			<Cell CellID="I_28" CellID2="X_38" Encode="1" Receive="1" Value="0301410810" StatusID="0001"/>
			<Cell CellID="J_28" CellID2="AB_38" Encode="1" Receive="1" Value="Xăng 92, dầu DO" StatusID="0001"/>
			<Cell CellID="K_28" CellID2="AF_38" Encode="1" Receive="1" Value="5257018" StatusID="0001"/>
			<Cell CellID="L_28" CellID2="AJ_38" Encode="1" Receive="1" Value="10" StatusID="0001"/>
			<Cell CellID="M_28" CellID2="AN_38" Encode="1" Receive="1" Value="525702" StatusID="0001"/>
			<Cell CellID="N_28" CellID2="AR_38" Encode="1" Receive="1" Value="" StatusID="0001"/>
		</Cells>
		<Cells>
			<Cell CellID="C_29" CellID2="AU_39" FirstCell="1" Encode="0" Receive="1" Value="" StatusID="0001"/>
			<Cell CellID="D_29" CellID2="C_39" Encode="1" Receive="1" Value="01GTKT3/001" StatusID="0001"/>
			<Cell CellID="E_29" CellID2="E_39" Encode="1" Receive="1" Value="PV/11P" StatusID="0001"/>
			<Cell CellID="F_29" CellID2="G_39" Encode="1" Receive="1" Value="0000170" StatusID="0001"/>
			<Cell CellID="G_29" CellID2="M_39" Encode="1" Receive="1" Value="17/03/2014" StatusID="0001"/>
			<Cell CellID="H_29" CellID2="R_39" Encode="1" Receive="1" Value="DNTN Phú Vinh" StatusID="0001"/>
			<Cell CellID="I_29" CellID2="X_39" Encode="1" Receive="1" Value="3500665833" StatusID="0001"/>
			<Cell CellID="J_29" CellID2="AB_39" Encode="1" Receive="1" Value="Phơi gia công" StatusID="0001"/>
			<Cell CellID="K_29" CellID2="AF_39" Encode="1" Receive="1" Value="11920000" StatusID="0001"/>
			<Cell CellID="L_29" CellID2="AJ_39" Encode="1" Receive="1" Value="10" StatusID="0001"/>
			<Cell CellID="M_29" CellID2="AN_39" Encode="1" Receive="1" Value="1192000" StatusID="0001"/>
			<Cell CellID="N_29" CellID2="AR_39" Encode="1" Receive="1" Value="" StatusID="0001"/>
		</Cells>
		<Cells>
			<Cell CellID="C_30" CellID2="AU_40" FirstCell="1" Encode="0" Receive="1" Value="" StatusID="0001"/>
			<Cell CellID="D_30" CellID2="C_40" Encode="1" Receive="1" Value="01GTKT2/001" StatusID="0001"/>
			<Cell CellID="E_30" CellID2="E_40" Encode="1" Receive="1" Value="TD/10P" StatusID="0001"/>
			<Cell CellID="F_30" CellID2="G_40" Encode="1" Receive="1" Value="0003161" StatusID="0001"/>
			<Cell CellID="G_30" CellID2="M_40" Encode="1" Receive="1" Value="17/03/2014" StatusID="0001"/>
			<Cell CellID="H_30" CellID2="R_40" Encode="1" Receive="1" Value="Công Ty TNHH Tấn Dũng" StatusID="0001"/>
			<Cell CellID="I_30" CellID2="X_40" Encode="1" Receive="1" Value="1200469792" StatusID="0001"/>
			<Cell CellID="J_30" CellID2="AB_40" Encode="1" Receive="1" Value="Thùng carton" StatusID="0001"/>
			<Cell CellID="K_30" CellID2="AF_40" Encode="1" Receive="1" Value="26480000" StatusID="0001"/>
			<Cell CellID="L_30" CellID2="AJ_40" Encode="1" Receive="1" Value="10" StatusID="0001"/>
			<Cell CellID="M_30" CellID2="AN_40" Encode="1" Receive="1" Value="2648000" StatusID="0001"/>
			<Cell CellID="N_30" CellID2="AR_40" Encode="1" Receive="1" Value="" StatusID="0001"/>
		</Cells>
		<Cells>
			<Cell CellID="C_31" CellID2="AU_41" FirstCell="1" Encode="0" Receive="1" Value="" StatusID="0001"/>
			<Cell CellID="D_31" CellID2="C_41" Encode="1" Receive="1" Value="01GTKT3/001" StatusID="0001"/>
			<Cell CellID="E_31" CellID2="E_41" Encode="1" Receive="1" Value="SG12/P" StatusID="0001"/>
			<Cell CellID="F_31" CellID2="G_41" Encode="1" Receive="1" Value="0000719" StatusID="0001"/>
			<Cell CellID="G_31" CellID2="M_41" Encode="1" Receive="1" Value="17/03/2014" StatusID="0001"/>
			<Cell CellID="H_31" CellID2="R_41" Encode="1" Receive="1" Value="Công Ty TNHH MTV Vận Chuyển Speedgate" StatusID="0001"/>
			<Cell CellID="I_31" CellID2="X_41" Encode="1" Receive="1" Value="0311390546" StatusID="0001"/>
			<Cell CellID="J_31" CellID2="AB_41" Encode="1" Receive="1" Value="Cước vận chuyển cont" StatusID="0001"/>
			<Cell CellID="K_31" CellID2="AF_41" Encode="1" Receive="1" Value="12409091" StatusID="0001"/>
			<Cell CellID="L_31" CellID2="AJ_41" Encode="1" Receive="1" Value="10" StatusID="0001"/>
			<Cell CellID="M_31" CellID2="AN_41" Encode="1" Receive="1" Value="1240909" StatusID="0001"/>
			<Cell CellID="N_31" CellID2="AR_41" Encode="1" Receive="1" Value="" StatusID="0001"/>
		</Cells>
		<Cells>
			<Cell CellID="C_32" CellID2="AU_42" FirstCell="1" Encode="0" Receive="1" Value="" StatusID="0001"/>
			<Cell CellID="D_32" CellID2="C_42" Encode="1" Receive="1" Value="01GTKT3/001" StatusID="0001"/>
			<Cell CellID="E_32" CellID2="E_42" Encode="1" Receive="1" Value="AA/13P" StatusID="0001"/>
			<Cell CellID="F_32" CellID2="G_42" Encode="1" Receive="1" Value="0000823" StatusID="0001"/>
			<Cell CellID="G_32" CellID2="M_42" Encode="1" Receive="1" Value="19/03/2014" StatusID="0001"/>
			<Cell CellID="H_32" CellID2="R_42" Encode="1" Receive="1" Value="DNTN Nguyễn Văn Sáu" StatusID="0001"/>
			<Cell CellID="I_32" CellID2="X_42" Encode="1" Receive="1" Value="0301410810" StatusID="0001"/>
			<Cell CellID="J_32" CellID2="AB_42" Encode="1" Receive="1" Value="Xăng 92, dầu DO" StatusID="0001"/>
			<Cell CellID="K_32" CellID2="AF_42" Encode="1" Receive="1" Value="2176864" StatusID="0001"/>
			<Cell CellID="L_32" CellID2="AJ_42" Encode="1" Receive="1" Value="10" StatusID="0001"/>
			<Cell CellID="M_32" CellID2="AN_42" Encode="1" Receive="1" Value="217686" StatusID="0001"/>
			<Cell CellID="N_32" CellID2="AR_42" Encode="1" Receive="1" Value="" StatusID="0001"/>
		</Cells>
		<Cells>
			<Cell CellID="C_33" CellID2="AU_43" FirstCell="1" Encode="0" Receive="1" Value="" StatusID="0001"/>
			<Cell CellID="D_33" CellID2="C_43" Encode="1" Receive="1" Value="01GTKT3/001" StatusID="0001"/>
			<Cell CellID="E_33" CellID2="E_43" Encode="1" Receive="1" Value="AA/14P" StatusID="0001"/>
			<Cell CellID="F_33" CellID2="G_43" Encode="1" Receive="1" Value="0000243" StatusID="0001"/>
			<Cell CellID="G_33" CellID2="M_43" Encode="1" Receive="1" Value="21/03/2014" StatusID="0001"/>
			<Cell CellID="H_33" CellID2="R_43" Encode="1" Receive="1" Value="Công Ty CP Giao Nhận Vận Tải Song Tân" StatusID="0001"/>
			<Cell CellID="I_33" CellID2="X_43" Encode="1" Receive="1" Value="0304822322" StatusID="0001"/>
			<Cell CellID="J_33" CellID2="AB_43" Encode="1" Receive="1" Value="Cước vận chuyển quốc tế" StatusID="0001"/>
			<Cell CellID="K_33" CellID2="AF_43" Encode="1" Receive="1" Value="23232000" StatusID="0001"/>
			<Cell CellID="L_33" CellID2="AJ_43" Encode="1" Receive="1" Value="0" StatusID="0001"/>
			<Cell CellID="M_33" CellID2="AN_43" Encode="1" Receive="1" Value="0" StatusID="0001"/>
			<Cell CellID="N_33" CellID2="AR_43" Encode="1" Receive="1" Value="" StatusID="0001"/>
		</Cells>
		<Cells>
			<Cell CellID="C_34" CellID2="AU_44" FirstCell="1" Encode="0" Receive="1" Value="" StatusID="0001"/>
			<Cell CellID="D_34" CellID2="C_44" Encode="1" Receive="1" Value="01GTKT3/001" StatusID="0001"/>
			<Cell CellID="E_34" CellID2="E_44" Encode="1" Receive="1" Value="AA/14P" StatusID="0001"/>
			<Cell CellID="F_34" CellID2="G_44" Encode="1" Receive="1" Value="0000244" StatusID="0001"/>
			<Cell CellID="G_34" CellID2="M_44" Encode="1" Receive="1" Value="21/03/2014" StatusID="0001"/>
			<Cell CellID="H_34" CellID2="R_44" Encode="1" Receive="1" Value="Công Ty CP Giao Nhận Vận Tải Song Tân" StatusID="0001"/>
			<Cell CellID="I_34" CellID2="X_44" Encode="1" Receive="1" Value="0304822322" StatusID="0001"/>
			<Cell CellID="J_34" CellID2="AB_44" Encode="1" Receive="1" Value="Phí chứng từ, THC, phí khai hải quan" StatusID="0001"/>
			<Cell CellID="K_34" CellID2="AF_44" Encode="1" Receive="1" Value="4980480" StatusID="0001"/>
			<Cell CellID="L_34" CellID2="AJ_44" Encode="1" Receive="1" Value="10" StatusID="0001"/>
			<Cell CellID="M_34" CellID2="AN_44" Encode="1" Receive="1" Value="498048" StatusID="0001"/>
			<Cell CellID="N_34" CellID2="AR_44" Encode="1" Receive="1" Value="" StatusID="0001"/>
		</Cells>
		<Cells>
			<Cell CellID="C_35" CellID2="AU_45" FirstCell="1" Encode="0" Receive="1" Value="" StatusID="0001"/>
			<Cell CellID="D_35" CellID2="C_45" Encode="1" Receive="1" Value="01GTKT3/003" StatusID="0001"/>
			<Cell CellID="E_35" CellID2="E_45" Encode="1" Receive="1" Value="NA/13P" StatusID="0001"/>
			<Cell CellID="F_35" CellID2="G_45" Encode="1" Receive="1" Value="0003066" StatusID="0001"/>
			<Cell CellID="G_35" CellID2="M_45" Encode="1" Receive="1" Value="21/03/2014" StatusID="0001"/>
			<Cell CellID="H_35" CellID2="R_45" Encode="1" Receive="1" Value="Công Ty CP TM DV Ngọc An" StatusID="0001"/>
			<Cell CellID="I_35" CellID2="X_45" Encode="1" Receive="1" Value="0303507529" StatusID="0001"/>
			<Cell CellID="J_35" CellID2="AB_45" Encode="1" Receive="1" Value="Bỏa dưỡng xe ô tô 51A -14174" StatusID="0001"/>
			<Cell CellID="K_35" CellID2="AF_45" Encode="1" Receive="1" Value="1292500" StatusID="0001"/>
			<Cell CellID="L_35" CellID2="AJ_45" Encode="1" Receive="1" Value="10" StatusID="0001"/>
			<Cell CellID="M_35" CellID2="AN_45" Encode="1" Receive="1" Value="129250" StatusID="0001"/>
			<Cell CellID="N_35" CellID2="AR_45" Encode="1" Receive="1" Value="" StatusID="0001"/>
		</Cells>
		<Cells>
			<Cell CellID="C_36" CellID2="AU_46" FirstCell="1" Encode="0" Receive="1" Value="" StatusID="0001"/>
			<Cell CellID="D_36" CellID2="C_46" Encode="1" Receive="1" Value="01GTKT3/001" StatusID="0001"/>
			<Cell CellID="E_36" CellID2="E_46" Encode="1" Receive="1" Value="AA/13P" StatusID="0001"/>
			<Cell CellID="F_36" CellID2="G_46" Encode="1" Receive="1" Value="0452875" StatusID="0001"/>
			<Cell CellID="G_36" CellID2="M_46" Encode="1" Receive="1" Value="21/03/2014" StatusID="0001"/>
			<Cell CellID="H_36" CellID2="R_46" Encode="1" Receive="1" Value="Công Ty CP Vật Tư - Xăng Dầu (COMECO)" StatusID="0001"/>
			<Cell CellID="I_36" CellID2="X_46" Encode="1" Receive="1" Value="0300450673" StatusID="0001"/>
			<Cell CellID="J_36" CellID2="AB_46" Encode="1" Receive="1" Value="Xăng 95" StatusID="0001"/>
			<Cell CellID="K_36" CellID2="AF_46" Encode="1" Receive="1" Value="4396800" StatusID="0001"/>
			<Cell CellID="L_36" CellID2="AJ_46" Encode="1" Receive="1" Value="10" StatusID="0001"/>
			<Cell CellID="M_36" CellID2="AN_46" Encode="1" Receive="1" Value="439680" StatusID="0001"/>
			<Cell CellID="N_36" CellID2="AR_46" Encode="1" Receive="1" Value="" StatusID="0001"/>
		</Cells>
		<Cells>
			<Cell CellID="C_37" CellID2="AU_47" FirstCell="1" Encode="0" Receive="1" Value="" StatusID="0001"/>
			<Cell CellID="D_37" CellID2="C_47" Encode="1" Receive="1" Value="01GTKT3/001" StatusID="0001"/>
			<Cell CellID="E_37" CellID2="E_47" Encode="1" Receive="1" Value="AA/14P" StatusID="0001"/>
			<Cell CellID="F_37" CellID2="G_47" Encode="1" Receive="1" Value="0002186" StatusID="0001"/>
			<Cell CellID="G_37" CellID2="M_47" Encode="1" Receive="1" Value="25/03/2014" StatusID="0001"/>
			<Cell CellID="H_37" CellID2="R_47" Encode="1" Receive="1" Value="Phòng Thương Mại Và Công Nghiệp Việt Nam" StatusID="0001"/>
			<Cell CellID="I_37" CellID2="X_47" Encode="1" Receive="1" Value="0100148391-001" StatusID="0001"/>
			<Cell CellID="J_37" CellID2="AB_47" Encode="1" Receive="1" Value="Tiền Form C/O:20 - B" StatusID="0001"/>
			<Cell CellID="K_37" CellID2="AF_47" Encode="1" Receive="1" Value="363636" StatusID="0001"/>
			<Cell CellID="L_37" CellID2="AJ_47" Encode="1" Receive="1" Value="10" StatusID="0001"/>
			<Cell CellID="M_37" CellID2="AN_47" Encode="1" Receive="1" Value="36364" StatusID="0001"/>
			<Cell CellID="N_37" CellID2="AR_47" Encode="1" Receive="1" Value="" StatusID="0001"/>
		</Cells>
		<Cells>
			<Cell CellID="C_38" CellID2="AU_48" FirstCell="1" Encode="0" Receive="1" Value="" StatusID="0001"/>
			<Cell CellID="D_38" CellID2="C_48" Encode="1" Receive="1" Value="01GTKT3/001" StatusID="0001"/>
			<Cell CellID="E_38" CellID2="E_48" Encode="1" Receive="1" Value="HL/11P" StatusID="0001"/>
			<Cell CellID="F_38" CellID2="G_48" Encode="1" Receive="1" Value="0001720" StatusID="0001"/>
			<Cell CellID="G_38" CellID2="M_48" Encode="1" Receive="1" Value="27/03/2014" StatusID="0001"/>
			<Cell CellID="H_38" CellID2="R_48" Encode="1" Receive="1" Value="Công Ty TNHH DV Bảo Vệ Huỳnh Long" StatusID="0001"/>
			<Cell CellID="I_38" CellID2="X_48" Encode="1" Receive="1" Value="1100678866" StatusID="0001"/>
			<Cell CellID="J_38" CellID2="AB_48" Encode="1" Receive="1" Value="Phí dịch vụ bảo vệ" StatusID="0001"/>
			<Cell CellID="K_38" CellID2="AF_48" Encode="1" Receive="1" Value="17200000" StatusID="0001"/>
			<Cell CellID="L_38" CellID2="AJ_48" Encode="1" Receive="1" Value="10" StatusID="0001"/>
			<Cell CellID="M_38" CellID2="AN_48" Encode="1" Receive="1" Value="1720000" StatusID="0001"/>
			<Cell CellID="N_38" CellID2="AR_48" Encode="1" Receive="1" Value="" StatusID="0001"/>
		</Cells>
		<Cells>
			<Cell CellID="C_39" CellID2="AU_49" FirstCell="1" Encode="0" Receive="1" Value="" StatusID="0001"/>
			<Cell CellID="D_39" CellID2="C_49" Encode="1" Receive="1" Value="01GTKT3/001" StatusID="0001"/>
			<Cell CellID="E_39" CellID2="E_49" Encode="1" Receive="1" Value="HK/13P" StatusID="0001"/>
			<Cell CellID="F_39" CellID2="G_49" Encode="1" Receive="1" Value="0001527" StatusID="0001"/>
			<Cell CellID="G_39" CellID2="M_49" Encode="1" Receive="1" Value="27/03/2014" StatusID="0001"/>
			<Cell CellID="H_39" CellID2="R_49" Encode="1" Receive="1" Value="Công Ty TNHH MTV Sản Xuất Thương Mại Dịch Vụ Kỳ Hương" StatusID="0001"/>
			<Cell CellID="I_39" CellID2="X_49" Encode="1" Receive="1" Value="0310351657" StatusID="0001"/>
			<Cell CellID="J_39" CellID2="AB_49" Encode="1" Receive="1" Value="Mè trắng" StatusID="0001"/>
			<Cell CellID="K_39" CellID2="AF_49" Encode="1" Receive="1" Value="15500000" StatusID="0001"/>
			<Cell CellID="L_39" CellID2="AJ_49" Encode="1" Receive="1" Value="5" StatusID="0001"/>
			<Cell CellID="M_39" CellID2="AN_49" Encode="1" Receive="1" Value="775000" StatusID="0001"/>
			<Cell CellID="N_39" CellID2="AR_49" Encode="1" Receive="1" Value="" StatusID="0001"/>
		</Cells>
		<Cells>
			<Cell CellID="C_40" CellID2="AU_50" FirstCell="1" Encode="0" Receive="1" Value="" StatusID="0001"/>
			<Cell CellID="D_40" CellID2="C_50" Encode="1" Receive="1" Value="01GTKT3/001" StatusID="0001"/>
			<Cell CellID="E_40" CellID2="E_50" Encode="1" Receive="1" Value="KH/12P" StatusID="0001"/>
			<Cell CellID="F_40" CellID2="G_50" Encode="1" Receive="1" Value="0000209" StatusID="0001"/>
			<Cell CellID="G_40" CellID2="M_50" Encode="1" Receive="1" Value="28/03/2014" StatusID="0001"/>
			<Cell CellID="H_40" CellID2="R_50" Encode="1" Receive="1" Value="Công Ty TNHH MTV Ắc Quy Khải Huyền" StatusID="0001"/>
			<Cell CellID="I_40" CellID2="X_50" Encode="1" Receive="1" Value="0311950903" StatusID="0001"/>
			<Cell CellID="J_40" CellID2="AB_50" Encode="1" Receive="1" Value="Bình N120" StatusID="0001"/>
			<Cell CellID="K_40" CellID2="AF_50" Encode="1" Receive="1" Value="2000000" StatusID="0001"/>
			<Cell CellID="L_40" CellID2="AJ_50" Encode="1" Receive="1" Value="10" StatusID="0001"/>
			<Cell CellID="M_40" CellID2="AN_50" Encode="1" Receive="1" Value="200000" StatusID="0001"/>
			<Cell CellID="N_40" CellID2="AR_50" Encode="1" Receive="1" Value="" StatusID="0001"/>
		</Cells>
		<Cells>
			<Cell CellID="C_41" CellID2="AU_51" FirstCell="1" Encode="0" Receive="1" Value="" StatusID="0001"/>
			<Cell CellID="D_41" CellID2="C_51" Encode="1" Receive="1" Value="01GTKT3/001" StatusID="0001"/>
			<Cell CellID="E_41" CellID2="E_51" Encode="1" Receive="1" Value="AA/14P" StatusID="0001"/>
			<Cell CellID="F_41" CellID2="G_51" Encode="1" Receive="1" Value="0000369" StatusID="0001"/>
			<Cell CellID="G_41" CellID2="M_51" Encode="1" Receive="1" Value="28/03/2014" StatusID="0001"/>
			<Cell CellID="H_41" CellID2="R_51" Encode="1" Receive="1" Value="Công Ty CP Giao Nhận Vận Tải Song Tân" StatusID="0001"/>
			<Cell CellID="I_41" CellID2="X_51" Encode="1" Receive="1" Value="0304822322" StatusID="0001"/>
			<Cell CellID="J_41" CellID2="AB_51" Encode="1" Receive="1" Value="Cước vận chuyển quốc tế" StatusID="0001"/>
			<Cell CellID="K_41" CellID2="AF_51" Encode="1" Receive="1" Value="60206250" StatusID="0001"/>
			<Cell CellID="L_41" CellID2="AJ_51" Encode="1" Receive="1" Value="0" StatusID="0001"/>
			<Cell CellID="M_41" CellID2="AN_51" Encode="1" Receive="1" Value="0" StatusID="0001"/>
			<Cell CellID="N_41" CellID2="AR_51" Encode="1" Receive="1" Value="" StatusID="0001"/>
		</Cells>
		<Cells>
			<Cell CellID="C_42" CellID2="AU_52" FirstCell="1" Encode="0" Receive="1" Value="" StatusID="0001"/>
			<Cell CellID="D_42" CellID2="C_52" Encode="1" Receive="1" Value="01GTKT3/001" StatusID="0001"/>
			<Cell CellID="E_42" CellID2="E_52" Encode="1" Receive="1" Value="AA/14P" StatusID="0001"/>
			<Cell CellID="F_42" CellID2="G_52" Encode="1" Receive="1" Value="0000370" StatusID="0001"/>
			<Cell CellID="G_42" CellID2="M_52" Encode="1" Receive="1" Value="28/03/2014" StatusID="0001"/>
			<Cell CellID="H_42" CellID2="R_52" Encode="1" Receive="1" Value="Công Ty CP Giao Nhận Vận Tải Song Tân" StatusID="0001"/>
			<Cell CellID="I_42" CellID2="X_52" Encode="1" Receive="1" Value="0304822322" StatusID="0001"/>
			<Cell CellID="J_42" CellID2="AB_52" Encode="1" Receive="1" Value="Phí chứng từ, THC, Seal, phí khai hải quan" StatusID="0001"/>
			<Cell CellID="K_42" CellID2="AF_52" Encode="1" Receive="1" Value="5395375" StatusID="0001"/>
			<Cell CellID="L_42" CellID2="AJ_52" Encode="1" Receive="1" Value="10" StatusID="0001"/>
			<Cell CellID="M_42" CellID2="AN_52" Encode="1" Receive="1" Value="539538" StatusID="0001"/>
			<Cell CellID="N_42" CellID2="AR_52" Encode="1" Receive="1" Value="" StatusID="0001"/>
		</Cells>
		<Cells>
			<Cell CellID="C_43" CellID2="AU_53" FirstCell="1" Encode="0" Receive="1" Value="" StatusID="0001"/>
			<Cell CellID="D_43" CellID2="C_53" Encode="1" Receive="1" Value="01GTKT3/001" StatusID="0001"/>
			<Cell CellID="E_43" CellID2="E_53" Encode="1" Receive="1" Value="HK/13P" StatusID="0001"/>
			<Cell CellID="F_43" CellID2="G_53" Encode="1" Receive="1" Value="0001538" StatusID="0001"/>
			<Cell CellID="G_43" CellID2="M_53" Encode="1" Receive="1" Value="29/03/2014" StatusID="0001"/>
			<Cell CellID="H_43" CellID2="R_53" Encode="1" Receive="1" Value="Công Ty TNHH MTV Sản Xuất Thương Mại Dịch Vụ Kỳ Hương" StatusID="0001"/>
			<Cell CellID="I_43" CellID2="X_53" Encode="1" Receive="1" Value="0310351657" StatusID="0001"/>
			<Cell CellID="J_43" CellID2="AB_53" Encode="1" Receive="1" Value="Mè trắng" StatusID="0001"/>
			<Cell CellID="K_43" CellID2="AF_53" Encode="1" Receive="1" Value="15500000" StatusID="0001"/>
			<Cell CellID="L_43" CellID2="AJ_53" Encode="1" Receive="1" Value="5" StatusID="0001"/>
			<Cell CellID="M_43" CellID2="AN_53" Encode="1" Receive="1" Value="775000" StatusID="0001"/>
			<Cell CellID="N_43" CellID2="AR_53" Encode="1" Receive="1" Value="" StatusID="0001"/>
		</Cells>
		<Cells>
			<Cell CellID="C_44" CellID2="AU_54" FirstCell="1" Encode="0" Receive="1" Value="" StatusID="0001"/>
			<Cell CellID="D_44" CellID2="C_54" Encode="1" Receive="1" Value="01GTKT3/001" StatusID="0001"/>
			<Cell CellID="E_44" CellID2="E_54" Encode="1" Receive="1" Value="AA/13P" StatusID="0001"/>
			<Cell CellID="F_44" CellID2="G_54" Encode="1" Receive="1" Value="0000849" StatusID="0001"/>
			<Cell CellID="G_44" CellID2="M_54" Encode="1" Receive="1" Value="31/03/2014" StatusID="0001"/>
			<Cell CellID="H_44" CellID2="R_54" Encode="1" Receive="1" Value="DNTN Nguyễn Văn Sáu" StatusID="0001"/>
			<Cell CellID="I_44" CellID2="X_54" Encode="1" Receive="1" Value="0301410810" StatusID="0001"/>
			<Cell CellID="J_44" CellID2="AB_54" Encode="1" Receive="1" Value="Xăng 92, dầu DO" StatusID="0001"/>
			<Cell CellID="K_44" CellID2="AF_54" Encode="1" Receive="1" Value="2296273" StatusID="0001"/>
			<Cell CellID="L_44" CellID2="AJ_54" Encode="1" Receive="1" Value="10" StatusID="0001"/>
			<Cell CellID="M_44" CellID2="AN_54" Encode="1" Receive="1" Value="229627" StatusID="0001"/>
			<Cell CellID="N_44" CellID2="AR_54" Encode="1" Receive="1" Value="" StatusID="0001"/>
		</Cells>
		<Cells>
			<Cell CellID="C_45" CellID2="AU_55" FirstCell="1" Encode="0" Receive="1" Value="" StatusID="0001"/>
			<Cell CellID="D_45" CellID2="C_55" Encode="1" Receive="1" Value="01GTKT3/001" StatusID="0001"/>
			<Cell CellID="E_45" CellID2="E_55" Encode="1" Receive="1" Value="HK/13P" StatusID="0001"/>
			<Cell CellID="F_45" CellID2="G_55" Encode="1" Receive="1" Value="0000194" StatusID="0001"/>
			<Cell CellID="G_45" CellID2="M_55" Encode="1" Receive="1" Value="31/03/2014" StatusID="0001"/>
			<Cell CellID="H_45" CellID2="R_55" Encode="1" Receive="1" Value="Cty TNHH Trung Tâm Y Khoa Hoàng Khang" StatusID="0001"/>
			<Cell CellID="I_45" CellID2="X_55" Encode="1" Receive="1" Value="0312181552" StatusID="0001"/>
			<Cell CellID="J_45" CellID2="AB_55" Encode="1" Receive="1" Value="Khám sức khỏe CN đợt 2" StatusID="0001"/>
			<Cell CellID="K_45" CellID2="AF_55" Encode="1" Receive="1" Value="4200000" StatusID="0001"/>
			<Cell CellID="L_45" CellID2="AJ_55" Encode="1" Receive="1" Value="0" StatusID="0001"/>
			<Cell CellID="M_45" CellID2="AN_55" Encode="1" Receive="1" Value="0" StatusID="0001"/>
			<Cell CellID="N_45" CellID2="AR_55" Encode="1" Receive="1" Value="" StatusID="0001"/>
		</Cells>
		<Cells>
			<Cell CellID="C_46" CellID2="AU_56" FirstCell="1" Encode="0" Receive="1" Value="" StatusID="0001"/>
			<Cell CellID="D_46" CellID2="C_56" Encode="1" Receive="1" Value="01GTKT3/001" StatusID="0001"/>
			<Cell CellID="E_46" CellID2="E_56" Encode="1" Receive="1" Value="AA/13P" StatusID="0001"/>
			<Cell CellID="F_46" CellID2="G_56" Encode="1" Receive="1" Value="0453320" StatusID="0001"/>
			<Cell CellID="G_46" CellID2="M_56" Encode="1" Receive="1" Value="31/03/2014" StatusID="0001"/>
			<Cell CellID="H_46" CellID2="R_56" Encode="1" Receive="1" Value="Công Ty CP Vật Tư - Xăng Dầu (COMECO)" StatusID="0001"/>
			<Cell CellID="I_46" CellID2="X_56" Encode="1" Receive="1" Value="0300450673" StatusID="0001"/>
			<Cell CellID="J_46" CellID2="AB_56" Encode="1" Receive="1" Value="Xăng 95" StatusID="0001"/>
			<Cell CellID="K_46" CellID2="AF_56" Encode="1" Receive="1" Value="3366300" StatusID="0001"/>
			<Cell CellID="L_46" CellID2="AJ_56" Encode="1" Receive="1" Value="10" StatusID="0001"/>
			<Cell CellID="M_46" CellID2="AN_56" Encode="1" Receive="1" Value="336630" StatusID="0001"/>
			<Cell CellID="N_46" CellID2="AR_56" Encode="1" Receive="1" Value="" StatusID="0001"/>
		</Cells>
		<Cells>
			<Cell CellID="C_47" CellID2="AU_57" FirstCell="1" Encode="0" Receive="1" Value="" StatusID="0001"/>
			<Cell CellID="D_47" CellID2="C_57" Encode="1" Receive="1" Value="01GTKT2/001" StatusID="0001"/>
			<Cell CellID="E_47" CellID2="E_57" Encode="1" Receive="1" Value="TD/10P" StatusID="0001"/>
			<Cell CellID="F_47" CellID2="G_57" Encode="1" Receive="1" Value="0003181" StatusID="0001"/>
			<Cell CellID="G_47" CellID2="M_57" Encode="1" Receive="1" Value="31/03/2014" StatusID="0001"/>
			<Cell CellID="H_47" CellID2="R_57" Encode="1" Receive="1" Value="Công Ty TNHH Tấn Dũng" StatusID="0001"/>
			<Cell CellID="I_47" CellID2="X_57" Encode="1" Receive="1" Value="1200469792" StatusID="0001"/>
			<Cell CellID="J_47" CellID2="AB_57" Encode="1" Receive="1" Value="Thùng carton các loại" StatusID="0001"/>
			<Cell CellID="K_47" CellID2="AF_57" Encode="1" Receive="1" Value="13115500" StatusID="0001"/>
			<Cell CellID="L_47" CellID2="AJ_57" Encode="1" Receive="1" Value="10" StatusID="0001"/>
			<Cell CellID="M_47" CellID2="AN_57" Encode="1" Receive="1" Value="1311550" StatusID="0001"/>
			<Cell CellID="N_47" CellID2="AR_57" Encode="1" Receive="1" Value="" StatusID="0001"/>
		</Cells>
		<Cells>
			<Cell CellID="C_48" CellID2="AU_58" FirstCell="1" Encode="0" Receive="1" Value="" StatusID="0001"/>
			<Cell CellID="D_48" CellID2="C_58" Encode="1" Receive="1" Value="01GTKT2/001" StatusID="0001"/>
			<Cell CellID="E_48" CellID2="E_58" Encode="1" Receive="1" Value="MM/14T" StatusID="0001"/>
			<Cell CellID="F_48" CellID2="G_58" Encode="1" Receive="1" Value="0018807" StatusID="0001"/>
			<Cell CellID="G_48" CellID2="M_58" Encode="1" Receive="1" Value="14/03/2014" StatusID="0001"/>
			<Cell CellID="H_48" CellID2="R_58" Encode="1" Receive="1" Value="NH Eximbank Quận 11" StatusID="0001"/>
			<Cell CellID="I_48" CellID2="X_58" Encode="1" Receive="1" Value="0301179079-039" StatusID="0001"/>
			<Cell CellID="J_48" CellID2="AB_58" Encode="1" Receive="1" Value="VAT Phí dịch vụ thanh toán ngoài nước" StatusID="0001"/>
			<Cell CellID="K_48" CellID2="AF_58" Encode="1" Receive="1" Value="1136786" StatusID="0001"/>
			<Cell CellID="L_48" CellID2="AJ_58" Encode="1" Receive="1" Value="10" StatusID="0001"/>
			<Cell CellID="M_48" CellID2="AN_58" Encode="1" Receive="1" Value="113594" StatusID="0001"/>
			<Cell CellID="N_48" CellID2="AR_58" Encode="1" Receive="1" Value="" StatusID="0001"/>
		</Cells>
		<Cells>
			<Cell CellID="C_49" CellID2="AU_59" FirstCell="1" Encode="0" Receive="1" Value="" StatusID="0001"/>
			<Cell CellID="D_49" CellID2="C_59" Encode="1" Receive="1" Value="01GTKT2/001" StatusID="0001"/>
			<Cell CellID="E_49" CellID2="E_59" Encode="1" Receive="1" Value="MM/14T" StatusID="0001"/>
			<Cell CellID="F_49" CellID2="G_59" Encode="1" Receive="1" Value="0018955" StatusID="0001"/>
			<Cell CellID="G_49" CellID2="M_59" Encode="1" Receive="1" Value="15/03/2014" StatusID="0001"/>
			<Cell CellID="H_49" CellID2="R_59" Encode="1" Receive="1" Value="NH Eximbank Quận 11" StatusID="0001"/>
			<Cell CellID="I_49" CellID2="X_59" Encode="1" Receive="1" Value="0301179079-039" StatusID="0001"/>
			<Cell CellID="J_49" CellID2="AB_59" Encode="1" Receive="1" Value="VAT Phí dịch vụ thanh toán ngoài nước" StatusID="0001"/>
			<Cell CellID="K_49" CellID2="AF_59" Encode="1" Receive="1" Value="489151" StatusID="0001"/>
			<Cell CellID="L_49" CellID2="AJ_59" Encode="1" Receive="1" Value="10" StatusID="0001"/>
			<Cell CellID="M_49" CellID2="AN_59" Encode="1" Receive="1" Value="48894" StatusID="0001"/>
			<Cell CellID="N_49" CellID2="AR_59" Encode="1" Receive="1" Value="" StatusID="0001"/>
		</Cells>
		<Cells>
			<Cell CellID="C_50" CellID2="AU_60" FirstCell="1" Encode="0" Receive="1" Value="" StatusID="0001"/>
			<Cell CellID="D_50" CellID2="C_60" Encode="1" Receive="1" Value="01GTKT2/001" StatusID="0001"/>
			<Cell CellID="E_50" CellID2="E_60" Encode="1" Receive="1" Value="MM/14T" StatusID="0001"/>
			<Cell CellID="F_50" CellID2="G_60" Encode="1" Receive="1" Value="0020520" StatusID="0001"/>
			<Cell CellID="G_50" CellID2="M_60" Encode="1" Receive="1" Value="25/03/2014" StatusID="0001"/>
			<Cell CellID="H_50" CellID2="R_60" Encode="1" Receive="1" Value="NH Eximbank Quận 11" StatusID="0001"/>
			<Cell CellID="I_50" CellID2="X_60" Encode="1" Receive="1" Value="0301179079-039" StatusID="0001"/>
			<Cell CellID="J_50" CellID2="AB_60" Encode="1" Receive="1" Value="Phí thương lượng chứng từ" StatusID="0001"/>
			<Cell CellID="K_50" CellID2="AF_60" Encode="1" Receive="1" Value="2199387" StatusID="0001"/>
			<Cell CellID="L_50" CellID2="AJ_60" Encode="1" Receive="1" Value="10" StatusID="0001"/>
			<Cell CellID="M_50" CellID2="AN_60" Encode="1" Receive="1" Value="220023" StatusID="0001"/>
			<Cell CellID="N_50" CellID2="AR_60" Encode="1" Receive="1" Value="" StatusID="0001"/>
		</Cells>
		<Cells>
			<Cell CellID="C_51" CellID2="AU_61" FirstCell="1" Encode="0" Receive="1" Value="" StatusID="0001"/>
			<Cell CellID="D_51" CellID2="C_61" Encode="1" Receive="1" Value="01GTKT2/001" StatusID="0001"/>
			<Cell CellID="E_51" CellID2="E_61" Encode="1" Receive="1" Value="MM/14T" StatusID="0001"/>
			<Cell CellID="F_51" CellID2="G_61" Encode="1" Receive="1" Value="0020521" StatusID="0001"/>
			<Cell CellID="G_51" CellID2="M_61" Encode="1" Receive="1" Value="25/03/2014" StatusID="0001"/>
			<Cell CellID="H_51" CellID2="R_61" Encode="1" Receive="1" Value="NH Eximbank Quận 11" StatusID="0001"/>
			<Cell CellID="I_51" CellID2="X_61" Encode="1" Receive="1" Value="0301179079-039" StatusID="0001"/>
			<Cell CellID="J_51" CellID2="AB_61" Encode="1" Receive="1" Value="Phí DHL" StatusID="0001"/>
			<Cell CellID="K_51" CellID2="AF_61" Encode="1" Receive="1" Value="582092" StatusID="0001"/>
			<Cell CellID="L_51" CellID2="AJ_61" Encode="1" Receive="1" Value="10" StatusID="0001"/>
			<Cell CellID="M_51" CellID2="AN_61" Encode="1" Receive="1" Value="58167" StatusID="0001"/>
			<Cell CellID="N_51" CellID2="AR_61" Encode="1" Receive="1" Value="" StatusID="0001"/>
		</Cells>
		<Cells>
			<Cell CellID="C_52" CellID2="AU_62" FirstCell="1" Encode="0" Receive="1" Value="" StatusID="0001"/>
			<Cell CellID="D_52" CellID2="C_62" Encode="1" Receive="1" Value="01GTKT2/001" StatusID="0001"/>
			<Cell CellID="E_52" CellID2="E_62" Encode="1" Receive="1" Value="MM/14T" StatusID="0001"/>
			<Cell CellID="F_52" CellID2="G_62" Encode="1" Receive="1" Value="0018410" StatusID="0001"/>
			<Cell CellID="G_52" CellID2="M_62" Encode="1" Receive="1" Value="06/03/2014" StatusID="0001"/>
			<Cell CellID="H_52" CellID2="R_62" Encode="1" Receive="1" Value="NH Eximbank Quận 11" StatusID="0001"/>
			<Cell CellID="I_52" CellID2="X_62" Encode="1" Receive="1" Value="0301179079-039" StatusID="0001"/>
			<Cell CellID="J_52" CellID2="AB_62" Encode="1" Receive="1" Value="Phí thanh toán" StatusID="0001"/>
			<Cell CellID="K_52" CellID2="AF_62" Encode="1" Receive="1" Value="10000" StatusID="0001"/>
			<Cell CellID="L_52" CellID2="AJ_62" Encode="1" Receive="1" Value="10" StatusID="0001"/>
			<Cell CellID="M_52" CellID2="AN_62" Encode="1" Receive="1" Value="1000" StatusID="0001"/>
			<Cell CellID="N_52" CellID2="AR_62" Encode="1" Receive="1" Value="" StatusID="0001"/>
		</Cells>
		<Cells>
			<Cell CellID="C_53" CellID2="AU_63" FirstCell="1" Encode="0" Receive="1" Value="" StatusID="0001"/>
			<Cell CellID="D_53" CellID2="C_63" Encode="1" Receive="1" Value="01GTKT2/001" StatusID="0001"/>
			<Cell CellID="E_53" CellID2="E_63" Encode="1" Receive="1" Value="MM/14T" StatusID="0001"/>
			<Cell CellID="F_53" CellID2="G_63" Encode="1" Receive="1" Value="0018540" StatusID="0001"/>
			<Cell CellID="G_53" CellID2="M_63" Encode="1" Receive="1" Value="12/03/2014" StatusID="0001"/>
			<Cell CellID="H_53" CellID2="R_63" Encode="1" Receive="1" Value="NH Eximbank Quận 11" StatusID="0001"/>
			<Cell CellID="I_53" CellID2="X_63" Encode="1" Receive="1" Value="0301179079-039" StatusID="0001"/>
			<Cell CellID="J_53" CellID2="AB_63" Encode="1" Receive="1" Value="Phí thông báo L/C" StatusID="0001"/>
			<Cell CellID="K_53" CellID2="AF_63" Encode="1" Receive="1" Value="316725" StatusID="0001"/>
			<Cell CellID="L_53" CellID2="AJ_63" Encode="1" Receive="1" Value="10" StatusID="0001"/>
			<Cell CellID="M_53" CellID2="AN_63" Encode="1" Receive="1" Value="31673" StatusID="0001"/>
			<Cell CellID="N_53" CellID2="AR_63" Encode="1" Receive="1" Value="" StatusID="0001"/>
		</Cells>
		<Cells>
			<Cell CellID="C_54" CellID2="AU_64" FirstCell="1" Encode="0" Receive="1" Value="" StatusID="0001"/>
			<Cell CellID="D_54" CellID2="C_64" Encode="1" Receive="1" Value="01GTKT2/001" StatusID="0001"/>
			<Cell CellID="E_54" CellID2="E_64" Encode="1" Receive="1" Value="MM/14T" StatusID="0001"/>
			<Cell CellID="F_54" CellID2="G_64" Encode="1" Receive="1" Value="140311-1" StatusID="0001"/>
			<Cell CellID="G_54" CellID2="M_64" Encode="1" Receive="1" Value="12/03/2014" StatusID="0001"/>
			<Cell CellID="H_54" CellID2="R_64" Encode="1" Receive="1" Value="NH Eximbank Quận 11" StatusID="0001"/>
			<Cell CellID="I_54" CellID2="X_64" Encode="1" Receive="1" Value="0301179079-039" StatusID="0001"/>
			<Cell CellID="J_54" CellID2="AB_64" Encode="1" Receive="1" Value="Phí thanh toán" StatusID="0001"/>
			<Cell CellID="K_54" CellID2="AF_64" Encode="1" Receive="1" Value="316125" StatusID="0001"/>
			<Cell CellID="L_54" CellID2="AJ_64" Encode="1" Receive="1" Value="10" StatusID="0001"/>
			<Cell CellID="M_54" CellID2="AN_64" Encode="1" Receive="1" Value="31613" StatusID="0001"/>
			<Cell CellID="N_54" CellID2="AR_64" Encode="1" Receive="1" Value="" StatusID="0001"/>
		</Cells>
		<Cells>
			<Cell CellID="C_55" CellID2="AU_65" FirstCell="1" Encode="0" Receive="1" Value="" StatusID="0001"/>
			<Cell CellID="D_55" CellID2="C_65" Encode="1" Receive="1" Value="01GTKT2/001" StatusID="0001"/>
			<Cell CellID="E_55" CellID2="E_65" Encode="1" Receive="1" Value="MM/14T" StatusID="0001"/>
			<Cell CellID="F_55" CellID2="G_65" Encode="1" Receive="1" Value="0023498" StatusID="0001"/>
			<Cell CellID="G_55" CellID2="M_65" Encode="1" Receive="1" Value="13/03/2014" StatusID="0001"/>
			<Cell CellID="H_55" CellID2="R_65" Encode="1" Receive="1" Value="NH Eximbank Quận 11" StatusID="0001"/>
			<Cell CellID="I_55" CellID2="X_65" Encode="1" Receive="1" Value="0301179079-039" StatusID="0001"/>
			<Cell CellID="J_55" CellID2="AB_65" Encode="1" Receive="1" Value="Phí thanh toán" StatusID="0001"/>
			<Cell CellID="K_55" CellID2="AF_65" Encode="1" Receive="1" Value="30000" StatusID="0001"/>
			<Cell CellID="L_55" CellID2="AJ_65" Encode="1" Receive="1" Value="10" StatusID="0001"/>
			<Cell CellID="M_55" CellID2="AN_65" Encode="1" Receive="1" Value="3000" StatusID="0001"/>
			<Cell CellID="N_55" CellID2="AR_65" Encode="1" Receive="1" Value="" StatusID="0001"/>
		</Cells>
		<Cells>
			<Cell CellID="C_56" CellID2="AU_66" FirstCell="1" Encode="0" Receive="1" Value="" StatusID="0001"/>
			<Cell CellID="D_56" CellID2="C_66" Encode="1" Receive="1" Value="01GTKT2/001" StatusID="0001"/>
			<Cell CellID="E_56" CellID2="E_66" Encode="1" Receive="1" Value="MM/14T" StatusID="0001"/>
			<Cell CellID="F_56" CellID2="G_66" Encode="1" Receive="1" Value="0024292" StatusID="0001"/>
			<Cell CellID="G_56" CellID2="M_66" Encode="1" Receive="1" Value="18/03/2014" StatusID="0001"/>
			<Cell CellID="H_56" CellID2="R_66" Encode="1" Receive="1" Value="NH Eximbank Quận 11" StatusID="0001"/>
			<Cell CellID="I_56" CellID2="X_66" Encode="1" Receive="1" Value="0301179079-039" StatusID="0001"/>
			<Cell CellID="J_56" CellID2="AB_66" Encode="1" Receive="1" Value="Phí thanh toán" StatusID="0001"/>
			<Cell CellID="K_56" CellID2="AF_66" Encode="1" Receive="1" Value="20000" StatusID="0001"/>
			<Cell CellID="L_56" CellID2="AJ_66" Encode="1" Receive="1" Value="10" StatusID="0001"/>
			<Cell CellID="M_56" CellID2="AN_66" Encode="1" Receive="1" Value="2000" StatusID="0001"/>
			<Cell CellID="N_56" CellID2="AR_66" Encode="1" Receive="1" Value="" StatusID="0001"/>
		</Cells>
		<Cells>
			<Cell CellID="C_57" CellID2="AU_67" FirstCell="1" Encode="0" Receive="1" Value="" StatusID="0001"/>
			<Cell CellID="D_57" CellID2="C_67" Encode="1" Receive="1" Value="01GTKT2/001" StatusID="0001"/>
			<Cell CellID="E_57" CellID2="E_67" Encode="1" Receive="1" Value="MM/14T" StatusID="0001"/>
			<Cell CellID="F_57" CellID2="G_67" Encode="1" Receive="1" Value="0024293" StatusID="0001"/>
			<Cell CellID="G_57" CellID2="M_67" Encode="1" Receive="1" Value="18/03/2014" StatusID="0001"/>
			<Cell CellID="H_57" CellID2="R_67" Encode="1" Receive="1" Value="NH Eximbank Quận 11" StatusID="0001"/>
			<Cell CellID="I_57" CellID2="X_67" Encode="1" Receive="1" Value="0301179079-039" StatusID="0001"/>
			<Cell CellID="J_57" CellID2="AB_67" Encode="1" Receive="1" Value="Phí thanh toán" StatusID="0001"/>
			<Cell CellID="K_57" CellID2="AF_67" Encode="1" Receive="1" Value="20000" StatusID="0001"/>
			<Cell CellID="L_57" CellID2="AJ_67" Encode="1" Receive="1" Value="10" StatusID="0001"/>
			<Cell CellID="M_57" CellID2="AN_67" Encode="1" Receive="1" Value="2000" StatusID="0001"/>
			<Cell CellID="N_57" CellID2="AR_67" Encode="1" Receive="1" Value="" StatusID="0001"/>
		</Cells>
		<Cells>
			<Cell CellID="C_58" CellID2="AU_68" FirstCell="1" Encode="0" Receive="1" Value="" StatusID="0001"/>
			<Cell CellID="D_58" CellID2="C_68" Encode="1" Receive="1" Value="01GTKT2/001" StatusID="0001"/>
			<Cell CellID="E_58" CellID2="E_68" Encode="1" Receive="1" Value="MM/14T" StatusID="0001"/>
			<Cell CellID="F_58" CellID2="G_68" Encode="1" Receive="1" Value="0024294" StatusID="0001"/>
			<Cell CellID="G_58" CellID2="M_68" Encode="1" Receive="1" Value="18/03/2014" StatusID="0001"/>
			<Cell CellID="H_58" CellID2="R_68" Encode="1" Receive="1" Value="NH Eximbank Quận 11" StatusID="0001"/>
			<Cell CellID="I_58" CellID2="X_68" Encode="1" Receive="1" Value="0301179079-039" StatusID="0001"/>
			<Cell CellID="J_58" CellID2="AB_68" Encode="1" Receive="1" Value="Thanh toán cước vận chuyển và phí liên quan" StatusID="0001"/>
			<Cell CellID="K_58" CellID2="AF_68" Encode="1" Receive="1" Value="10000" StatusID="0001"/>
			<Cell CellID="L_58" CellID2="AJ_68" Encode="1" Receive="1" Value="10" StatusID="0001"/>
			<Cell CellID="M_58" CellID2="AN_68" Encode="1" Receive="1" Value="1000" StatusID="0001"/>
			<Cell CellID="N_58" CellID2="AR_68" Encode="1" Receive="1" Value="" StatusID="0001"/>
		</Cells>
		<Cells>
			<Cell CellID="C_59" CellID2="AU_69" FirstCell="1" Encode="0" Receive="1" Value="" StatusID="0001"/>
			<Cell CellID="D_59" CellID2="C_69" Encode="1" Receive="1" Value="01GTKT2/001" StatusID="0001"/>
			<Cell CellID="E_59" CellID2="E_69" Encode="1" Receive="1" Value="MM/14T" StatusID="0001"/>
			<Cell CellID="F_59" CellID2="G_69" Encode="1" Receive="1" Value="0024295" StatusID="0001"/>
			<Cell CellID="G_59" CellID2="M_69" Encode="1" Receive="1" Value="18/03/2014" StatusID="0001"/>
			<Cell CellID="H_59" CellID2="R_69" Encode="1" Receive="1" Value="NH Eximbank Quận 11" StatusID="0001"/>
			<Cell CellID="I_59" CellID2="X_69" Encode="1" Receive="1" Value="0301179079-039" StatusID="0001"/>
			<Cell CellID="J_59" CellID2="AB_69" Encode="1" Receive="1" Value="Phí thanh toán" StatusID="0001"/>
			<Cell CellID="K_59" CellID2="AF_69" Encode="1" Receive="1" Value="20000" StatusID="0001"/>
			<Cell CellID="L_59" CellID2="AJ_69" Encode="1" Receive="1" Value="10" StatusID="0001"/>
			<Cell CellID="M_59" CellID2="AN_69" Encode="1" Receive="1" Value="2000" StatusID="0001"/>
			<Cell CellID="N_59" CellID2="AR_69" Encode="1" Receive="1" Value="" StatusID="0001"/>
		</Cells>
		<Cells>
			<Cell CellID="C_60" CellID2="AU_70" FirstCell="1" Encode="0" Receive="1" Value="" StatusID="0001"/>
			<Cell CellID="D_60" CellID2="C_70" Encode="1" Receive="1" Value="01GTKT2/001" StatusID="0001"/>
			<Cell CellID="E_60" CellID2="E_70" Encode="1" Receive="1" Value="MM/14T" StatusID="0001"/>
			<Cell CellID="F_60" CellID2="G_70" Encode="1" Receive="1" Value="0024296" StatusID="0001"/>
			<Cell CellID="G_60" CellID2="M_70" Encode="1" Receive="1" Value="18/03/2014" StatusID="0001"/>
			<Cell CellID="H_60" CellID2="R_70" Encode="1" Receive="1" Value="NH Eximbank Quận 11" StatusID="0001"/>
			<Cell CellID="I_60" CellID2="X_70" Encode="1" Receive="1" Value="0301179079-039" StatusID="0001"/>
			<Cell CellID="J_60" CellID2="AB_70" Encode="1" Receive="1" Value="Phí thanh toán" StatusID="0001"/>
			<Cell CellID="K_60" CellID2="AF_70" Encode="1" Receive="1" Value="10000" StatusID="0001"/>
			<Cell CellID="L_60" CellID2="AJ_70" Encode="1" Receive="1" Value="10" StatusID="0001"/>
			<Cell CellID="M_60" CellID2="AN_70" Encode="1" Receive="1" Value="1000" StatusID="0001"/>
			<Cell CellID="N_60" CellID2="AR_70" Encode="1" Receive="1" Value="" StatusID="0001"/>
		</Cells>
		<Cells>
			<Cell CellID="C_61" CellID2="AU_71" FirstCell="1" Encode="0" Receive="1" Value="" StatusID="0001"/>
			<Cell CellID="D_61" CellID2="C_71" Encode="1" Receive="1" Value="01GTKT2/001" StatusID="0001"/>
			<Cell CellID="E_61" CellID2="E_71" Encode="1" Receive="1" Value="MM/14T" StatusID="0001"/>
			<Cell CellID="F_61" CellID2="G_71" Encode="1" Receive="1" Value="0024867" StatusID="0001"/>
			<Cell CellID="G_61" CellID2="M_71" Encode="1" Receive="1" Value="19/03/2014" StatusID="0001"/>
			<Cell CellID="H_61" CellID2="R_71" Encode="1" Receive="1" Value="NH Eximbank Quận 11" StatusID="0001"/>
			<Cell CellID="I_61" CellID2="X_71" Encode="1" Receive="1" Value="0301179079-039" StatusID="0001"/>
			<Cell CellID="J_61" CellID2="AB_71" Encode="1" Receive="1" Value="Phí thông báo số dư tự động TK VNĐ" StatusID="0001"/>
			<Cell CellID="K_61" CellID2="AF_71" Encode="1" Receive="1" Value="30000" StatusID="0001"/>
			<Cell CellID="L_61" CellID2="AJ_71" Encode="1" Receive="1" Value="10" StatusID="0001"/>
			<Cell CellID="M_61" CellID2="AN_71" Encode="1" Receive="1" Value="3000" StatusID="0001"/>
			<Cell CellID="N_61" CellID2="AR_71" Encode="1" Receive="1" Value="" StatusID="0001"/>
		</Cells>
		<Cells>
			<Cell CellID="C_62" CellID2="AU_72" FirstCell="1" Encode="0" Receive="1" Value="" StatusID="0001"/>
			<Cell CellID="D_62" CellID2="C_72" Encode="1" Receive="1" Value="01GTKT2/001" StatusID="0001"/>
			<Cell CellID="E_62" CellID2="E_72" Encode="1" Receive="1" Value="MM/14T" StatusID="0001"/>
			<Cell CellID="F_62" CellID2="G_72" Encode="1" Receive="1" Value="0024868" StatusID="0001"/>
			<Cell CellID="G_62" CellID2="M_72" Encode="1" Receive="1" Value="19/03/2014" StatusID="0001"/>
			<Cell CellID="H_62" CellID2="R_72" Encode="1" Receive="1" Value="NH Eximbank Quận 11" StatusID="0001"/>
			<Cell CellID="I_62" CellID2="X_72" Encode="1" Receive="1" Value="0301179079-039" StatusID="0001"/>
			<Cell CellID="J_62" CellID2="AB_72" Encode="1" Receive="1" Value="Phí thông báo số dư tự động TK VNĐ" StatusID="0001"/>
			<Cell CellID="K_62" CellID2="AF_72" Encode="1" Receive="1" Value="30000" StatusID="0001"/>
			<Cell CellID="L_62" CellID2="AJ_72" Encode="1" Receive="1" Value="10" StatusID="0001"/>
			<Cell CellID="M_62" CellID2="AN_72" Encode="1" Receive="1" Value="3000" StatusID="0001"/>
			<Cell CellID="N_62" CellID2="AR_72" Encode="1" Receive="1" Value="" StatusID="0001"/>
		</Cells>
		<Cells>
			<Cell CellID="C_63" CellID2="AU_73" FirstCell="1" Encode="0" Receive="1" Value="" StatusID="0001"/>
			<Cell CellID="D_63" CellID2="C_73" Encode="1" Receive="1" Value="01GTKT2/001" StatusID="0001"/>
			<Cell CellID="E_63" CellID2="E_73" Encode="1" Receive="1" Value="MM/14T" StatusID="0001"/>
			<Cell CellID="F_63" CellID2="G_73" Encode="1" Receive="1" Value="0024869" StatusID="0001"/>
			<Cell CellID="G_63" CellID2="M_73" Encode="1" Receive="1" Value="19/03/2014" StatusID="0001"/>
			<Cell CellID="H_63" CellID2="R_73" Encode="1" Receive="1" Value="NH Eximbank Quận 11" StatusID="0001"/>
			<Cell CellID="I_63" CellID2="X_73" Encode="1" Receive="1" Value="0301179079-039" StatusID="0001"/>
			<Cell CellID="J_63" CellID2="AB_73" Encode="1" Receive="1" Value="Phí thông báo số dư tự động TK VNĐ" StatusID="0001"/>
			<Cell CellID="K_63" CellID2="AF_73" Encode="1" Receive="1" Value="30000" StatusID="0001"/>
			<Cell CellID="L_63" CellID2="AJ_73" Encode="1" Receive="1" Value="10" StatusID="0001"/>
			<Cell CellID="M_63" CellID2="AN_73" Encode="1" Receive="1" Value="3000" StatusID="0001"/>
			<Cell CellID="N_63" CellID2="AR_73" Encode="1" Receive="1" Value="" StatusID="0001"/>
		</Cells>
		<Cells>
			<Cell CellID="C_64" CellID2="AU_74" FirstCell="1" Encode="0" Receive="1" Value="" StatusID="0001"/>
			<Cell CellID="D_64" CellID2="C_74" Encode="1" Receive="1" Value="01GTKT2/001" StatusID="0001"/>
			<Cell CellID="E_64" CellID2="E_74" Encode="1" Receive="1" Value="MM/14T" StatusID="0001"/>
			<Cell CellID="F_64" CellID2="G_74" Encode="1" Receive="1" Value="0024870" StatusID="0001"/>
			<Cell CellID="G_64" CellID2="M_74" Encode="1" Receive="1" Value="19/03/2014" StatusID="0001"/>
			<Cell CellID="H_64" CellID2="R_74" Encode="1" Receive="1" Value="NH Eximbank Quận 11" StatusID="0001"/>
			<Cell CellID="I_64" CellID2="X_74" Encode="1" Receive="1" Value="0301179079-039" StatusID="0001"/>
			<Cell CellID="J_64" CellID2="AB_74" Encode="1" Receive="1" Value="Phí thông báo số dư tự động TK USD" StatusID="0001"/>
			<Cell CellID="K_64" CellID2="AF_74" Encode="1" Receive="1" Value="30000" StatusID="0001"/>
			<Cell CellID="L_64" CellID2="AJ_74" Encode="1" Receive="1" Value="10" StatusID="0001"/>
			<Cell CellID="M_64" CellID2="AN_74" Encode="1" Receive="1" Value="3000" StatusID="0001"/>
			<Cell CellID="N_64" CellID2="AR_74" Encode="1" Receive="1" Value="" StatusID="0001"/>
		</Cells>
		<Cells>
			<Cell CellID="C_65" CellID2="AU_75" FirstCell="1" Encode="0" Receive="1" Value="" StatusID="0001"/>
			<Cell CellID="D_65" CellID2="C_75" Encode="1" Receive="1" Value="01GTKT2/001" StatusID="0001"/>
			<Cell CellID="E_65" CellID2="E_75" Encode="1" Receive="1" Value="MM/14T" StatusID="0001"/>
			<Cell CellID="F_65" CellID2="G_75" Encode="1" Receive="1" Value="0024871" StatusID="0001"/>
			<Cell CellID="G_65" CellID2="M_75" Encode="1" Receive="1" Value="19/03/2014" StatusID="0001"/>
			<Cell CellID="H_65" CellID2="R_75" Encode="1" Receive="1" Value="NH Eximbank Quận 11" StatusID="0001"/>
			<Cell CellID="I_65" CellID2="X_75" Encode="1" Receive="1" Value="0301179079-039" StatusID="0001"/>
			<Cell CellID="J_65" CellID2="AB_75" Encode="1" Receive="1" Value="Phí thông báo số dư tự động TK USD" StatusID="0001"/>
			<Cell CellID="K_65" CellID2="AF_75" Encode="1" Receive="1" Value="30000" StatusID="0001"/>
			<Cell CellID="L_65" CellID2="AJ_75" Encode="1" Receive="1" Value="10" StatusID="0001"/>
			<Cell CellID="M_65" CellID2="AN_75" Encode="1" Receive="1" Value="3000" StatusID="0001"/>
			<Cell CellID="N_65" CellID2="AR_75" Encode="1" Receive="1" Value="" StatusID="0001"/>
		</Cells>
		<Cells>
			<Cell CellID="C_66" CellID2="AU_76" FirstCell="1" Encode="0" Receive="1" Value="" StatusID="0001"/>
			<Cell CellID="D_66" CellID2="C_76" Encode="1" Receive="1" Value="01GTKT2/001" StatusID="0001"/>
			<Cell CellID="E_66" CellID2="E_76" Encode="1" Receive="1" Value="MM/14T" StatusID="0001"/>
			<Cell CellID="F_66" CellID2="G_76" Encode="1" Receive="1" Value="0024872" StatusID="0001"/>
			<Cell CellID="G_66" CellID2="M_76" Encode="1" Receive="1" Value="19/03/2014" StatusID="0001"/>
			<Cell CellID="H_66" CellID2="R_76" Encode="1" Receive="1" Value="NH Eximbank Quận 11" StatusID="0001"/>
			<Cell CellID="I_66" CellID2="X_76" Encode="1" Receive="1" Value="0301179079-039" StatusID="0001"/>
			<Cell CellID="J_66" CellID2="AB_76" Encode="1" Receive="1" Value="Phí thông báo số dư tự động TK USD" StatusID="0001"/>
			<Cell CellID="K_66" CellID2="AF_76" Encode="1" Receive="1" Value="30000" StatusID="0001"/>
			<Cell CellID="L_66" CellID2="AJ_76" Encode="1" Receive="1" Value="10" StatusID="0001"/>
			<Cell CellID="M_66" CellID2="AN_76" Encode="1" Receive="1" Value="3000" StatusID="0001"/>
			<Cell CellID="N_66" CellID2="AR_76" Encode="1" Receive="1" Value="" StatusID="0001"/>
		</Cells>
		<Cells>
			<Cell CellID="C_67" CellID2="AU_77" FirstCell="1" Encode="0" Receive="1" Value="" StatusID="0001"/>
			<Cell CellID="D_67" CellID2="C_77" Encode="1" Receive="1" Value="01GTKT2/001" StatusID="0001"/>
			<Cell CellID="E_67" CellID2="E_77" Encode="1" Receive="1" Value="MM/14T" StatusID="0001"/>
			<Cell CellID="F_67" CellID2="G_77" Encode="1" Receive="1" Value="0026483" StatusID="0001"/>
			<Cell CellID="G_67" CellID2="M_77" Encode="1" Receive="1" Value="26/03/2014" StatusID="0001"/>
			<Cell CellID="H_67" CellID2="R_77" Encode="1" Receive="1" Value="NH Eximbank Quận 11" StatusID="0001"/>
			<Cell CellID="I_67" CellID2="X_77" Encode="1" Receive="1" Value="0301179079-039" StatusID="0001"/>
			<Cell CellID="J_67" CellID2="AB_77" Encode="1" Receive="1" Value="Phí thanh toán" StatusID="0001"/>
			<Cell CellID="K_67" CellID2="AF_77" Encode="1" Receive="1" Value="10000" StatusID="0001"/>
			<Cell CellID="L_67" CellID2="AJ_77" Encode="1" Receive="1" Value="10" StatusID="0001"/>
			<Cell CellID="M_67" CellID2="AN_77" Encode="1" Receive="1" Value="1000" StatusID="0001"/>
			<Cell CellID="N_67" CellID2="AR_77" Encode="1" Receive="1" Value="" StatusID="0001"/>
		</Cells>
		<Cells>
			<Cell CellID="C_68" CellID2="AU_78" FirstCell="1" Encode="0" Receive="1" Value="" StatusID="0001"/>
			<Cell CellID="D_68" CellID2="C_78" Encode="1" Receive="1" Value="01GTKT2/001" StatusID="0001"/>
			<Cell CellID="E_68" CellID2="E_78" Encode="1" Receive="1" Value="MM/14T" StatusID="0001"/>
			<Cell CellID="F_68" CellID2="G_78" Encode="1" Receive="1" Value="0026484" StatusID="0001"/>
			<Cell CellID="G_68" CellID2="M_78" Encode="1" Receive="1" Value="26/03/2014" StatusID="0001"/>
			<Cell CellID="H_68" CellID2="R_78" Encode="1" Receive="1" Value="NH Eximbank Quận 11" StatusID="0001"/>
			<Cell CellID="I_68" CellID2="X_78" Encode="1" Receive="1" Value="0301179079-039" StatusID="0001"/>
			<Cell CellID="J_68" CellID2="AB_78" Encode="1" Receive="1" Value="Phí thanh toán" StatusID="0001"/>
			<Cell CellID="K_68" CellID2="AF_78" Encode="1" Receive="1" Value="10000" StatusID="0001"/>
			<Cell CellID="L_68" CellID2="AJ_78" Encode="1" Receive="1" Value="10" StatusID="0001"/>
			<Cell CellID="M_68" CellID2="AN_78" Encode="1" Receive="1" Value="1000" StatusID="0001"/>
			<Cell CellID="N_68" CellID2="AR_78" Encode="1" Receive="1" Value="" StatusID="0001"/>
		</Cells>
		<Cells>
			<Cell CellID="C_69" CellID2="AU_79" FirstCell="1" Encode="0" Receive="1" Value="" StatusID="0001"/>
			<Cell CellID="D_69" CellID2="C_79" Encode="1" Receive="1" Value="01GTKT2/001" StatusID="0001"/>
			<Cell CellID="E_69" CellID2="E_79" Encode="1" Receive="1" Value="MM/14T" StatusID="0001"/>
			<Cell CellID="F_69" CellID2="G_79" Encode="1" Receive="1" Value="0026485" StatusID="0001"/>
			<Cell CellID="G_69" CellID2="M_79" Encode="1" Receive="1" Value="26/03/2014" StatusID="0001"/>
			<Cell CellID="H_69" CellID2="R_79" Encode="1" Receive="1" Value="NH Eximbank Quận 11" StatusID="0001"/>
			<Cell CellID="I_69" CellID2="X_79" Encode="1" Receive="1" Value="0301179079-039" StatusID="0001"/>
			<Cell CellID="J_69" CellID2="AB_79" Encode="1" Receive="1" Value="Phí thanh toán" StatusID="0001"/>
			<Cell CellID="K_69" CellID2="AF_79" Encode="1" Receive="1" Value="10000" StatusID="0001"/>
			<Cell CellID="L_69" CellID2="AJ_79" Encode="1" Receive="1" Value="10" StatusID="0001"/>
			<Cell CellID="M_69" CellID2="AN_79" Encode="1" Receive="1" Value="1000" StatusID="0001"/>
			<Cell CellID="N_69" CellID2="AR_79" Encode="1" Receive="1" Value="" StatusID="0001"/>
		</Cells>
		<Cells>
			<Cell CellID="C_70" CellID2="AU_80" FirstCell="1" Encode="0" Receive="1" Value="" StatusID="0001"/>
			<Cell CellID="D_70" CellID2="C_80" Encode="1" Receive="1" Value="01GTKT2/001" StatusID="0001"/>
			<Cell CellID="E_70" CellID2="E_80" Encode="1" Receive="1" Value="MM/14T" StatusID="0001"/>
			<Cell CellID="F_70" CellID2="G_80" Encode="1" Receive="1" Value="0026486" StatusID="0001"/>
			<Cell CellID="G_70" CellID2="M_80" Encode="1" Receive="1" Value="26/03/2014" StatusID="0001"/>
			<Cell CellID="H_70" CellID2="R_80" Encode="1" Receive="1" Value="NH Eximbank Quận 11" StatusID="0001"/>
			<Cell CellID="I_70" CellID2="X_80" Encode="1" Receive="1" Value="0301179079-039" StatusID="0001"/>
			<Cell CellID="J_70" CellID2="AB_80" Encode="1" Receive="1" Value="Phí dịch vụ thanh toán" StatusID="0001"/>
			<Cell CellID="K_70" CellID2="AF_80" Encode="1" Receive="1" Value="20000" StatusID="0001"/>
			<Cell CellID="L_70" CellID2="AJ_80" Encode="1" Receive="1" Value="10" StatusID="0001"/>
			<Cell CellID="M_70" CellID2="AN_80" Encode="1" Receive="1" Value="2000" StatusID="0001"/>
			<Cell CellID="N_70" CellID2="AR_80" Encode="1" Receive="1" Value="" StatusID="0001"/>
		</Cells>
	</Section>
	<Section Dynamic="1" MaxRows="0">
		<Cells>
			<Cell CellID="C_75" CellID2="AU_85" FirstCell="0" Encode="0" Receive="1" Value="" StatusID="0001"/>
			<Cell CellID="D_75" CellID2="C_85" Encode="1" Receive="1" Value="" StatusID="0001"/>
			<Cell CellID="E_75" CellID2="E_85" Encode="1" Receive="1" Value="" StatusID="0001"/>
			<Cell CellID="F_75" CellID2="G_85" Encode="1" Receive="1" Value="" StatusID="0001"/>
			<Cell CellID="G_75" CellID2="M_85" Encode="1" Receive="1" Value="" StatusID="0001"/>
			<Cell CellID="H_75" CellID2="R_85" Encode="1" Receive="1" Value="" StatusID="0001"/>
			<Cell CellID="I_75" CellID2="X_85" Encode="1" Receive="1" Value="" StatusID="0001"/>
			<Cell CellID="J_75" CellID2="AB_85" Encode="1" Receive="1" Value="" StatusID="0001"/>
			<Cell CellID="K_75" CellID2="AF_85" Encode="1" Receive="1" Value="0" StatusID="0001"/>
			<Cell CellID="L_75" CellID2="AJ_85" Encode="1" Receive="1" Value="0" StatusID="0001"/>
			<Cell CellID="M_75" CellID2="AN_85" Encode="1" Receive="1" Value="0" StatusID="0001"/>
			<Cell CellID="N_75" CellID2="AR_85" Encode="1" Receive="1" Value="" StatusID="0001"/>
		</Cells>
	</Section>
	<Section Dynamic="1" MaxRows="0">
		<Cells>
			<Cell CellID="C_80" CellID2="AU_90" FirstCell="0" Encode="0" Receive="1" Value="" StatusID="0001"/>
			<Cell CellID="D_80" CellID2="C_90" Encode="1" Receive="1" Value="" StatusID="0001"/>
			<Cell CellID="E_80" CellID2="E_90" Encode="1" Receive="1" Value="" StatusID="0001"/>
			<Cell CellID="F_80" CellID2="G_90" Encode="1" Receive="1" Value="" StatusID="0001"/>
			<Cell CellID="G_80" CellID2="M_90" Encode="1" Receive="1" Value="" StatusID="0001"/>
			<Cell CellID="H_80" CellID2="R_90" Encode="1" Receive="1" Value="" StatusID="0001"/>
			<Cell CellID="I_80" CellID2="X_90" Encode="1" Receive="1" Value="" StatusID="0001"/>
			<Cell CellID="J_80" CellID2="AB_90" Encode="1" Receive="1" Value="" StatusID="0001"/>
			<Cell CellID="K_80" CellID2="AF_90" Encode="1" Receive="1" Value="0" StatusID="0001"/>
			<Cell CellID="L_80" CellID2="AJ_90" Encode="1" Receive="1" Value="0" StatusID="0001"/>
			<Cell CellID="M_80" CellID2="AN_90" Encode="1" Receive="1" Value="0" StatusID="0001"/>
			<Cell CellID="N_80" CellID2="AR_90" Encode="1" Receive="1" Value="" StatusID="0001"/>
		</Cells>
	</Section>
	<Section Dynamic="1" MaxRows="0">
		<Cells>
			<Cell CellID="C_85" CellID2="AU_95" FirstCell="0" Encode="0" Receive="1" Value="" StatusID="0001"/>
			<Cell CellID="D_85" CellID2="C_95" Encode="1" Receive="1" Value="" StatusID="0001"/>
			<Cell CellID="E_85" CellID2="E_95" Encode="1" Receive="1" Value="" StatusID="0001"/>
			<Cell CellID="F_85" CellID2="G_95" Encode="1" Receive="1" Value="" StatusID="0001"/>
			<Cell CellID="G_85" CellID2="M_95" Encode="1" Receive="1" Value="" StatusID="0001"/>
			<Cell CellID="H_85" CellID2="R_95" Encode="1" Receive="1" Value="" StatusID="0001"/>
			<Cell CellID="I_85" CellID2="X_95" Encode="1" Receive="1" Value="" StatusID="0001"/>
			<Cell CellID="J_85" CellID2="AB_95" Encode="1" Receive="1" Value="" StatusID="0001"/>
			<Cell CellID="K_85" CellID2="AF_95" Encode="1" Receive="1" Value="0" StatusID="0001"/>
			<Cell CellID="L_85" CellID2="AJ_95" Encode="1" Receive="1" Value="0" StatusID="0001"/>
			<Cell CellID="M_85" CellID2="AN_95" Encode="1" Receive="1" Value="0" StatusID="0001"/>
			<Cell CellID="N_85" CellID2="AR_95" Encode="1" Receive="1" Value="" StatusID="0001"/>
		</Cells>
	</Section>
	<Section Dynamic="1" MaxRows="0">
		<Cells>
			<Cell CellID="C_90" CellID2="AU_100" FirstCell="0" Encode="0" Receive="1" Value="" StatusID="0001"/>
			<Cell CellID="D_90" CellID2="C_100" Encode="1" Receive="1" Value="" StatusID="0001"/>
			<Cell CellID="E_90" CellID2="E_100" Encode="1" Receive="1" Value="" StatusID="0001"/>
			<Cell CellID="F_90" CellID2="G_100" Encode="1" Receive="1" Value="" StatusID="0001"/>
			<Cell CellID="G_90" CellID2="M_100" Encode="1" Receive="1" Value="" StatusID="0001"/>
			<Cell CellID="H_90" CellID2="R_100" Encode="1" Receive="1" Value="" StatusID="0001"/>
			<Cell CellID="I_90" CellID2="X_100" Encode="1" Receive="1" Value="" StatusID="0001"/>
			<Cell CellID="J_90" CellID2="AB_100" Encode="1" Receive="1" Value="" StatusID="0001"/>
			<Cell CellID="K_90" CellID2="AF_100" Encode="1" Receive="1" Value="0" StatusID="0001"/>
			<Cell CellID="L_90" CellID2="AJ_100" Encode="1" Receive="1" Value="0" StatusID="0001"/>
			<Cell CellID="M_90" CellID2="AN_100" Encode="1" Receive="1" Value="0" StatusID="0001"/>
			<Cell CellID="N_90" CellID2="AR_100" Encode="1" Receive="1" Value="" StatusID="0001"/>
		</Cells>
	</Section>
	<Section Dynamic="0" MaxRows="0">
		<Cells>
			<Cell CellID="H_103" CellID2="V_109" Encode="1" Value="537325626"/>
			<Cell CellID="H_104" CellID2="V_111" Encode="1" Value="33027876"/>
		</Cells>
	</Section>
</Sections>
