<!-- edited with XML Spy v4.1 U (http://www.xmlspy.com) by CMCSoft-->
<!DOCTYPE Sections SYSTEM "..\..\InterfaceTemplates\Schema.dtd">
<Sections Version="320">
	<Section Dynamic="1" MaxRows="0">
		<Cells>
			<Cell CellID="C_10" CellID2="C_20" FirstCell="0" Encode="1" Receive="1" Value="02/UT-AL-APT" StatusID="0001"/>
			<Cell CellID="D_10" CellID2="E_20" Encode="1" Receive="1" Value="03/01/2014" StatusID="0001"/>
			<Cell CellID="E_10" CellID2="G_20" Encode="1" Receive="1" Value="105.763" StatusID="0001"/>
			<Cell CellID="F_10" CellID2="M_20" Encode="1" Receive="1" Value="2247040698" StatusID="0001"/>
			<Cell CellID="G_10" CellID2="R_20" Encode="1" Receive="1" Value="TTR" StatusID="0001"/>
			<Cell CellID="H_10" CellID2="V_20" Encode="1" Receive="1" Value="" StatusID="0001"/>
			<Cell CellID="I_10" CellID2="Z_20" Encode="1" Receive="1" Value="300095356910" StatusID="0001"/>
			<Cell CellID="J_10" CellID2="AC_20" Encode="1" Receive="1" Value="13/08/2014" StatusID="0001"/>
			<Cell CellID="K_10" CellID2="AF_20" Encode="1" Receive="1" Value="105.763" StatusID="0001"/>
			<Cell CellID="L_10" CellID2="AJ_20" Encode="1" Receive="1" Value="2247040698" StatusID="0001"/>
			<Cell CellID="M_10" CellID2="AO_20" Encode="1" Receive="1" Value="0000050" StatusID="0001"/>
			<Cell CellID="N_10" CellID2="AR_20" Encode="1" Receive="1" Value="13/08/2014" StatusID="0001"/>
			<Cell CellID="O_10" CellID2="AU_20" Encode="1" Receive="1" Value="105.763" StatusID="0001"/>
			<Cell CellID="P_10" CellID2="AY_20" Encode="1" Receive="1" Value="2247040698" StatusID="0001"/>
			<Cell CellID="Q_10" CellID2="BB_20" Encode="1" Receive="1" Value="" StatusID="0001"/>
			<Cell CellID="R_10" CellID2="BE_20" Encode="1" Receive="1" Value="" StatusID="0001"/>
			<Cell CellID="S_10" CellID2="BH_20" Encode="1" Receive="1" Value="" StatusID="0001"/>
			<Cell CellID="T_10" CellID2="BK_20" Encode="1" Receive="1" Value="0" StatusID="0001"/>
			<Cell CellID="U_10" CellID2="BO_20" Encode="1" Receive="1" Value="" StatusID="0001"/>
			<Cell CellID="V_10" CellID2="BQ_20" Encode="1" Receive="1" Value="" StatusID="0001"/>
			<Cell CellID="W_10" CellID2="BS_20" Encode="1" Receive="1" Value="" StatusID="0001"/>
			<Cell CellID="X_10" CellID2="BU_20" Encode="1" Receive="1" Value="0" StatusID="0001"/>
			<Cell CellID="Y_10" CellID2="BW_20" Encode="1" Receive="1" Value="" StatusID="0001"/>
			<Cell CellID="Z_10" CellID2="BY_20" Encode="1" Receive="1" Value="" StatusID="0001"/>
			<Cell CellID="AA_10" CellID2="CA_20" Encode="1" Receive="1" Value="" StatusID="0001"/>
			<Cell CellID="AB_10" CellID2="CC_20" Encode="1" Receive="1" Value="0" StatusID="0001"/>
			<Cell CellID="AC_10" CellID2="CE_20" Encode="1" Receive="1" Value="" StatusID="0001"/>
			<Cell CellID="AD_10" CellID2="CG_20" Encode="1" Receive="1" Value="" StatusID="0001"/>
			<Cell CellID="AE_10" CellID2="CI_20" Encode="1" Receive="1" Value="" StatusID="0001"/>
			<Cell CellID="AF_10" CellID2="CK_20" Encode="1" Receive="1" Value="0" StatusID="0001"/>
			<Cell CellID="AG_10" CellID2="CM_20" Encode="1" Receive="1" Value="" StatusID="0001"/>
			<Cell CellID="AH_10" CellID2="CO_20" Encode="1" Receive="1" Value="" StatusID="0001"/>
		</Cells>
		<Cells>
			<Cell CellID="C_11" CellID2="C_21" FirstCell="1" Encode="1" Receive="1" Value="01/AL-BM/14" StatusID="0001"/>
			<Cell CellID="D_11" CellID2="E_21" Encode="1" Receive="1" Value="15/07/2014" StatusID="0001"/>
			<Cell CellID="E_11" CellID2="G_21" Encode="1" Receive="1" Value="43.500" StatusID="0001"/>
			<Cell CellID="F_11" CellID2="M_21" Encode="1" Receive="1" Value="924201000" StatusID="0001"/>
			<Cell CellID="G_11" CellID2="R_21" Encode="1" Receive="1" Value="LC" StatusID="0001"/>
			<Cell CellID="H_11" CellID2="V_21" Encode="1" Receive="1" Value="" StatusID="0001"/>
			<Cell CellID="I_11" CellID2="Z_21" Encode="1" Receive="1" Value="300099757700" StatusID="0001"/>
			<Cell CellID="J_11" CellID2="AC_21" Encode="1" Receive="1" Value="18/08/2014" StatusID="0001"/>
			<Cell CellID="K_11" CellID2="AF_21" Encode="1" Receive="1" Value="42.804" StatusID="0001"/>
			<Cell CellID="L_11" CellID2="AJ_21" Encode="1" Receive="1" Value="909413784" StatusID="0001"/>
			<Cell CellID="M_11" CellID2="AO_21" Encode="1" Receive="1" Value="0000051" StatusID="0001"/>
			<Cell CellID="N_11" CellID2="AR_21" Encode="1" Receive="1" Value="18/08/2014" StatusID="0001"/>
			<Cell CellID="O_11" CellID2="AU_21" Encode="1" Receive="1" Value="42.804" StatusID="0001"/>
			<Cell CellID="P_11" CellID2="AY_21" Encode="1" Receive="1" Value="909413784" StatusID="0001"/>
			<Cell CellID="Q_11" CellID2="BB_21" Encode="1" Receive="1" Value="" StatusID="0001"/>
			<Cell CellID="R_11" CellID2="BE_21" Encode="1" Receive="1" Value="" StatusID="0001"/>
			<Cell CellID="S_11" CellID2="BH_21" Encode="1" Receive="1" Value="" StatusID="0001"/>
			<Cell CellID="T_11" CellID2="BK_21" Encode="1" Receive="1" Value="0" StatusID="0001"/>
			<Cell CellID="U_11" CellID2="BO_21" Encode="1" Receive="1" Value="" StatusID="0001"/>
			<Cell CellID="V_11" CellID2="BQ_21" Encode="1" Receive="1" Value="" StatusID="0001"/>
			<Cell CellID="W_11" CellID2="BS_21" Encode="1" Receive="1" Value="" StatusID="0001"/>
			<Cell CellID="X_11" CellID2="BU_21" Encode="1" Receive="1" Value="0" StatusID="0001"/>
			<Cell CellID="Y_11" CellID2="BW_21" Encode="1" Receive="1" Value="" StatusID="0001"/>
			<Cell CellID="Z_11" CellID2="BY_21" Encode="1" Receive="1" Value="" StatusID="0001"/>
			<Cell CellID="AA_11" CellID2="CA_21" Encode="1" Receive="1" Value="" StatusID="0001"/>
			<Cell CellID="AB_11" CellID2="CC_21" Encode="1" Receive="1" Value="0" StatusID="0001"/>
			<Cell CellID="AC_11" CellID2="CE_21" Encode="1" Receive="1" Value="" StatusID="0001"/>
			<Cell CellID="AD_11" CellID2="CG_21" Encode="1" Receive="1" Value="" StatusID="0001"/>
			<Cell CellID="AE_11" CellID2="CI_21" Encode="1" Receive="1" Value="" StatusID="0001"/>
			<Cell CellID="AF_11" CellID2="CK_21" Encode="1" Receive="1" Value="0" StatusID="0001"/>
			<Cell CellID="AG_11" CellID2="CM_21" Encode="1" Receive="1" Value="" StatusID="0001"/>
			<Cell CellID="AH_11" CellID2="CO_21" Encode="1" Receive="1" Value="" StatusID="0001"/>
		</Cells>
	</Section>
	<Section Dynamic="0" MaxRows="0">
		<Cells>
			<Cell CellID="F_35" CellID2="P_47" Encode="1" Value=""/>
		</Cells>
	</Section>
</Sections>
