<!-- edited with XML Spy v4.1 U (http://www.xmlspy.com) by CMCSoft-->
<!DOCTYPE Sections SYSTEM "..\..\InterfaceTemplates\Schema.dtd">
<Sections Version="330">
	<Section Dynamic="1" MaxRows="0">
		<Cells>
			<Cell CellID="D_22" CellID2="C_15" FirstCell="0" Encode="1" Value="Nguyễn Thị Xuân Thảo" StatusID="0001"/>
			<Cell CellID="E_22" CellID2="H_15" Encode="1" Value="8057086655" StatusID="0001"/>
			<Cell CellID="F_22" CellID2="I_15" Encode="1" Value="341271734" StatusID="0001"/>
			<Cell CellID="G_22" CellID2="L_15" Encode="1" Value="x" StatusID="0001"/>
			<Cell CellID="H_22" CellID2="N_15" Encode="1" Value="45816835" StatusID="0001"/>
			<Cell CellID="I_22" CellID2="Q_15" Encode="1" Value="0" StatusID="0001"/>
			<Cell CellID="J_22" CellID2="T_15" Encode="1" Value="0" StatusID="0001"/>
			<Cell CellID="K_22" CellID2="W_15" Encode="1" Value="108000000" StatusID="0001"/>
			<Cell CellID="L_22" CellID2="Y_15" Encode="1" Value="0" StatusID="0001"/>
			<Cell CellID="M_22" CellID2="Z_15" Encode="1" Value="5110560" StatusID="0001"/>
			<Cell CellID="N_22" CellID2="AA_15" Encode="1" Value="0" StatusID="0001"/>
			<Cell CellID="O_22" CellID2="AB_15" Encode="1" Value="0" StatusID="0001"/>
			<Cell CellID="P_22" CellID2="AC_15" Encode="1" Value="0" StatusID="0001"/>
			<Cell CellID="Q_22" CellID2="AD_15" Encode="1" Value="0" StatusID="0001"/>
			<Cell CellID="S_22" CellID2="AE_15" Encode="1" Value="0" StatusID="0001"/>
			<Cell CellID="T_22" CellID2="AF_15" Encode="1" Value="0" StatusID="0001"/>
			<Cell CellID="U_22" CellID2="AG_15" Encode="1" Value="0" StatusID="0001"/>
			<Cell CellID="C_22" CellID2="AH_15" Encode="1" Value="" StatusID="0001"/>
		</Cells>
		<Cells>
			<Cell CellID="D_23" CellID2="C_16" FirstCell="1" Encode="1" Value="Võ Thị Út" StatusID="0001"/>
			<Cell CellID="E_23" CellID2="H_16" Encode="1" Value="8300177820" StatusID="0001"/>
			<Cell CellID="F_23" CellID2="I_16" Encode="1" Value="311968183" StatusID="0001"/>
			<Cell CellID="G_23" CellID2="L_16" Encode="1" Value="x" StatusID="0001"/>
			<Cell CellID="H_23" CellID2="N_16" Encode="1" Value="24250307" StatusID="0001"/>
			<Cell CellID="I_23" CellID2="Q_16" Encode="1" Value="0" StatusID="0001"/>
			<Cell CellID="J_23" CellID2="T_16" Encode="1" Value="0" StatusID="0001"/>
			<Cell CellID="K_23" CellID2="W_16" Encode="1" Value="108000000" StatusID="0001"/>
			<Cell CellID="L_23" CellID2="Y_16" Encode="1" Value="0" StatusID="0001"/>
			<Cell CellID="M_23" CellID2="Z_16" Encode="1" Value="2772000" StatusID="0001"/>
			<Cell CellID="N_23" CellID2="AA_16" Encode="1" Value="0" StatusID="0001"/>
			<Cell CellID="O_23" CellID2="AB_16" Encode="1" Value="0" StatusID="0001"/>
			<Cell CellID="P_23" CellID2="AC_16" Encode="1" Value="0" StatusID="0001"/>
			<Cell CellID="Q_23" CellID2="AD_16" Encode="1" Value="0" StatusID="0001"/>
			<Cell CellID="S_23" CellID2="AE_16" Encode="1" Value="0" StatusID="0001"/>
			<Cell CellID="T_23" CellID2="AF_16" Encode="1" Value="0" StatusID="0001"/>
			<Cell CellID="U_23" CellID2="AG_16" Encode="1" Value="0" StatusID="0001"/>
			<Cell CellID="C_23" CellID2="AH_16" Encode="1" Value="" StatusID="0001"/>
		</Cells>
		<Cells>
			<Cell CellID="D_24" CellID2="C_17" FirstCell="1" Encode="1" Value="Nguyễn Thị Thiết" StatusID="0001"/>
			<Cell CellID="E_24" CellID2="H_17" Encode="1" Value="8120898125" StatusID="0001"/>
			<Cell CellID="F_24" CellID2="I_17" Encode="1" Value="271815623" StatusID="0001"/>
			<Cell CellID="G_24" CellID2="L_17" Encode="1" Value="x" StatusID="0001"/>
			<Cell CellID="H_24" CellID2="N_17" Encode="1" Value="25861716" StatusID="0001"/>
			<Cell CellID="I_24" CellID2="Q_17" Encode="1" Value="0" StatusID="0001"/>
			<Cell CellID="J_24" CellID2="T_17" Encode="1" Value="0" StatusID="0001"/>
			<Cell CellID="K_24" CellID2="W_17" Encode="1" Value="108000000" StatusID="0001"/>
			<Cell CellID="L_24" CellID2="Y_17" Encode="1" Value="0" StatusID="0001"/>
			<Cell CellID="M_24" CellID2="Z_17" Encode="1" Value="2981160" StatusID="0001"/>
			<Cell CellID="N_24" CellID2="AA_17" Encode="1" Value="0" StatusID="0001"/>
			<Cell CellID="O_24" CellID2="AB_17" Encode="1" Value="0" StatusID="0001"/>
			<Cell CellID="P_24" CellID2="AC_17" Encode="1" Value="0" StatusID="0001"/>
			<Cell CellID="Q_24" CellID2="AD_17" Encode="1" Value="0" StatusID="0001"/>
			<Cell CellID="S_24" CellID2="AE_17" Encode="1" Value="0" StatusID="0001"/>
			<Cell CellID="T_24" CellID2="AF_17" Encode="1" Value="0" StatusID="0001"/>
			<Cell CellID="U_24" CellID2="AG_17" Encode="1" Value="0" StatusID="0001"/>
			<Cell CellID="C_24" CellID2="AH_17" Encode="1" Value="" StatusID="0001"/>
		</Cells>
		<Cells>
			<Cell CellID="D_25" CellID2="C_18" FirstCell="1" Encode="1" Value="Nguyễn Trường Giang" StatusID="0001"/>
			<Cell CellID="E_25" CellID2="H_18" Encode="1" Value="8093363784" StatusID="0001"/>
			<Cell CellID="F_25" CellID2="I_18" Encode="1" Value="023704457" StatusID="0001"/>
			<Cell CellID="G_25" CellID2="L_18" Encode="1" Value="x" StatusID="0001"/>
			<Cell CellID="H_25" CellID2="N_18" Encode="1" Value="6620385" StatusID="0001"/>
			<Cell CellID="I_25" CellID2="Q_18" Encode="1" Value="0" StatusID="0001"/>
			<Cell CellID="J_25" CellID2="T_18" Encode="1" Value="0" StatusID="0001"/>
			<Cell CellID="K_25" CellID2="W_18" Encode="1" Value="108000000" StatusID="0001"/>
			<Cell CellID="L_25" CellID2="Y_18" Encode="1" Value="0" StatusID="0001"/>
			<Cell CellID="M_25" CellID2="Z_18" Encode="1" Value="758730" StatusID="0001"/>
			<Cell CellID="N_25" CellID2="AA_18" Encode="1" Value="0" StatusID="0001"/>
			<Cell CellID="O_25" CellID2="AB_18" Encode="1" Value="0" StatusID="0001"/>
			<Cell CellID="P_25" CellID2="AC_18" Encode="1" Value="0" StatusID="0001"/>
			<Cell CellID="Q_25" CellID2="AD_18" Encode="1" Value="0" StatusID="0001"/>
			<Cell CellID="S_25" CellID2="AE_18" Encode="1" Value="0" StatusID="0001"/>
			<Cell CellID="T_25" CellID2="AF_18" Encode="1" Value="0" StatusID="0001"/>
			<Cell CellID="U_25" CellID2="AG_18" Encode="1" Value="0" StatusID="0001"/>
			<Cell CellID="C_25" CellID2="AH_18" Encode="1" Value="" StatusID="0001"/>
		</Cells>
		<Cells>
			<Cell CellID="D_26" CellID2="C_19" FirstCell="1" Encode="1" Value="Nguyễn Thiện Duy" StatusID="0001"/>
			<Cell CellID="E_26" CellID2="H_19" Encode="1" Value="" StatusID="0001"/>
			<Cell CellID="F_26" CellID2="I_19" Encode="1" Value="020602581" StatusID="0001"/>
			<Cell CellID="G_26" CellID2="L_19" Encode="1" Value="" StatusID="0001"/>
			<Cell CellID="H_26" CellID2="N_19" Encode="1" Value="91524285" StatusID="0001"/>
			<Cell CellID="I_26" CellID2="Q_19" Encode="1" Value="0" StatusID="0001"/>
			<Cell CellID="J_26" CellID2="T_19" Encode="1" Value="0" StatusID="0001"/>
			<Cell CellID="K_26" CellID2="W_19" Encode="1" Value="108000000" StatusID="0001"/>
			<Cell CellID="L_26" CellID2="Y_19" Encode="1" Value="0" StatusID="0001"/>
			<Cell CellID="M_26" CellID2="Z_19" Encode="1" Value="13672260" StatusID="0001"/>
			<Cell CellID="N_26" CellID2="AA_19" Encode="1" Value="0" StatusID="0001"/>
			<Cell CellID="O_26" CellID2="AB_19" Encode="1" Value="0" StatusID="0001"/>
			<Cell CellID="P_26" CellID2="AC_19" Encode="1" Value="0" StatusID="0001"/>
			<Cell CellID="Q_26" CellID2="AD_19" Encode="1" Value="0" StatusID="0001"/>
			<Cell CellID="S_26" CellID2="AE_19" Encode="1" Value="0" StatusID="0001"/>
			<Cell CellID="T_26" CellID2="AF_19" Encode="1" Value="0" StatusID="0001"/>
			<Cell CellID="U_26" CellID2="AG_19" Encode="1" Value="0" StatusID="0001"/>
			<Cell CellID="C_26" CellID2="AH_19" Encode="1" Value="" StatusID="0001"/>
		</Cells>
		<Cells>
			<Cell CellID="D_27" CellID2="C_20" FirstCell="1" Encode="1" Value="Nguyễn Văn Sẽ" StatusID="0001"/>
			<Cell CellID="E_27" CellID2="H_20" Encode="1" Value="8300178285" StatusID="0001"/>
			<Cell CellID="F_27" CellID2="I_20" Encode="1" Value="310373386" StatusID="0001"/>
			<Cell CellID="G_27" CellID2="L_20" Encode="1" Value="x" StatusID="0001"/>
			<Cell CellID="H_27" CellID2="N_20" Encode="1" Value="54816108" StatusID="0001"/>
			<Cell CellID="I_27" CellID2="Q_20" Encode="1" Value="0" StatusID="0001"/>
			<Cell CellID="J_27" CellID2="T_20" Encode="1" Value="0" StatusID="0001"/>
			<Cell CellID="K_27" CellID2="W_20" Encode="1" Value="108000000" StatusID="0001"/>
			<Cell CellID="L_27" CellID2="Y_20" Encode="1" Value="0" StatusID="0001"/>
			<Cell CellID="M_27" CellID2="Z_20" Encode="1" Value="6167700" StatusID="0001"/>
			<Cell CellID="N_27" CellID2="AA_20" Encode="1" Value="0" StatusID="0001"/>
			<Cell CellID="O_27" CellID2="AB_20" Encode="1" Value="0" StatusID="0001"/>
			<Cell CellID="P_27" CellID2="AC_20" Encode="1" Value="0" StatusID="0001"/>
			<Cell CellID="Q_27" CellID2="AD_20" Encode="1" Value="0" StatusID="0001"/>
			<Cell CellID="S_27" CellID2="AE_20" Encode="1" Value="0" StatusID="0001"/>
			<Cell CellID="T_27" CellID2="AF_20" Encode="1" Value="0" StatusID="0001"/>
			<Cell CellID="U_27" CellID2="AG_20" Encode="1" Value="0" StatusID="0001"/>
			<Cell CellID="C_27" CellID2="AH_20" Encode="1" Value="" StatusID="0001"/>
		</Cells>
		<Cells>
			<Cell CellID="D_28" CellID2="C_21" FirstCell="1" Encode="1" Value="Võ Uyên Phương" StatusID="0001"/>
			<Cell CellID="E_28" CellID2="H_21" Encode="1" Value="8300178278" StatusID="0001"/>
			<Cell CellID="F_28" CellID2="I_21" Encode="1" Value="024745397" StatusID="0001"/>
			<Cell CellID="G_28" CellID2="L_21" Encode="1" Value="x" StatusID="0001"/>
			<Cell CellID="H_28" CellID2="N_21" Encode="1" Value="51819496" StatusID="0001"/>
			<Cell CellID="I_28" CellID2="Q_21" Encode="1" Value="0" StatusID="0001"/>
			<Cell CellID="J_28" CellID2="T_21" Encode="1" Value="0" StatusID="0001"/>
			<Cell CellID="K_28" CellID2="W_21" Encode="1" Value="108000000" StatusID="0001"/>
			<Cell CellID="L_28" CellID2="Y_21" Encode="1" Value="0" StatusID="0001"/>
			<Cell CellID="M_28" CellID2="Z_21" Encode="1" Value="6167700" StatusID="0001"/>
			<Cell CellID="N_28" CellID2="AA_21" Encode="1" Value="0" StatusID="0001"/>
			<Cell CellID="O_28" CellID2="AB_21" Encode="1" Value="0" StatusID="0001"/>
			<Cell CellID="P_28" CellID2="AC_21" Encode="1" Value="0" StatusID="0001"/>
			<Cell CellID="Q_28" CellID2="AD_21" Encode="1" Value="0" StatusID="0001"/>
			<Cell CellID="S_28" CellID2="AE_21" Encode="1" Value="0" StatusID="0001"/>
			<Cell CellID="T_28" CellID2="AF_21" Encode="1" Value="0" StatusID="0001"/>
			<Cell CellID="U_28" CellID2="AG_21" Encode="1" Value="0" StatusID="0001"/>
			<Cell CellID="C_28" CellID2="AH_21" Encode="1" Value="" StatusID="0001"/>
		</Cells>
		<Cells>
			<Cell CellID="D_29" CellID2="C_22" FirstCell="1" Encode="1" Value="Lê Nguyễn Huy Cường" StatusID="0001"/>
			<Cell CellID="E_29" CellID2="H_22" Encode="1" Value="8057086648" StatusID="0001"/>
			<Cell CellID="F_29" CellID2="I_22" Encode="1" Value="023608294" StatusID="0001"/>
			<Cell CellID="G_29" CellID2="L_22" Encode="1" Value="x" StatusID="0001"/>
			<Cell CellID="H_29" CellID2="N_22" Encode="1" Value="48403521" StatusID="0001"/>
			<Cell CellID="I_29" CellID2="Q_22" Encode="1" Value="0" StatusID="0001"/>
			<Cell CellID="J_29" CellID2="T_22" Encode="1" Value="0" StatusID="0001"/>
			<Cell CellID="K_29" CellID2="W_22" Encode="1" Value="108000000" StatusID="0001"/>
			<Cell CellID="L_29" CellID2="Y_22" Encode="1" Value="0" StatusID="0001"/>
			<Cell CellID="M_29" CellID2="Z_22" Encode="1" Value="5463360" StatusID="0001"/>
			<Cell CellID="N_29" CellID2="AA_22" Encode="1" Value="0" StatusID="0001"/>
			<Cell CellID="O_29" CellID2="AB_22" Encode="1" Value="0" StatusID="0001"/>
			<Cell CellID="P_29" CellID2="AC_22" Encode="1" Value="0" StatusID="0001"/>
			<Cell CellID="Q_29" CellID2="AD_22" Encode="1" Value="0" StatusID="0001"/>
			<Cell CellID="S_29" CellID2="AE_22" Encode="1" Value="0" StatusID="0001"/>
			<Cell CellID="T_29" CellID2="AF_22" Encode="1" Value="0" StatusID="0001"/>
			<Cell CellID="U_29" CellID2="AG_22" Encode="1" Value="0" StatusID="0001"/>
			<Cell CellID="C_29" CellID2="AH_22" Encode="1" Value="" StatusID="0001"/>
		</Cells>
		<Cells>
			<Cell CellID="D_30" CellID2="C_23" FirstCell="1" Encode="1" Value="Nguyễn Văn Bé Tư" StatusID="0001"/>
			<Cell CellID="E_30" CellID2="H_23" Encode="1" Value="8300177806" StatusID="0001"/>
			<Cell CellID="F_30" CellID2="I_23" Encode="1" Value="363747522" StatusID="0001"/>
			<Cell CellID="G_30" CellID2="L_23" Encode="1" Value="x" StatusID="0001"/>
			<Cell CellID="H_30" CellID2="N_23" Encode="1" Value="40607149" StatusID="0001"/>
			<Cell CellID="I_30" CellID2="Q_23" Encode="1" Value="0" StatusID="0001"/>
			<Cell CellID="J_30" CellID2="T_23" Encode="1" Value="0" StatusID="0001"/>
			<Cell CellID="K_30" CellID2="W_23" Encode="1" Value="108000000" StatusID="0001"/>
			<Cell CellID="L_30" CellID2="Y_23" Encode="1" Value="0" StatusID="0001"/>
			<Cell CellID="M_30" CellID2="Z_23" Encode="1" Value="4404960" StatusID="0001"/>
			<Cell CellID="N_30" CellID2="AA_23" Encode="1" Value="0" StatusID="0001"/>
			<Cell CellID="O_30" CellID2="AB_23" Encode="1" Value="0" StatusID="0001"/>
			<Cell CellID="P_30" CellID2="AC_23" Encode="1" Value="0" StatusID="0001"/>
			<Cell CellID="Q_30" CellID2="AD_23" Encode="1" Value="0" StatusID="0001"/>
			<Cell CellID="S_30" CellID2="AE_23" Encode="1" Value="0" StatusID="0001"/>
			<Cell CellID="T_30" CellID2="AF_23" Encode="1" Value="0" StatusID="0001"/>
			<Cell CellID="U_30" CellID2="AG_23" Encode="1" Value="0" StatusID="0001"/>
			<Cell CellID="C_30" CellID2="AH_23" Encode="1" Value="" StatusID="0001"/>
		</Cells>
		<Cells>
			<Cell CellID="D_31" CellID2="C_24" FirstCell="1" Encode="1" Value="Dương Thanh Tuấn" StatusID="0001"/>
			<Cell CellID="E_31" CellID2="H_24" Encode="1" Value="8122262920" StatusID="0001"/>
			<Cell CellID="F_31" CellID2="I_24" Encode="1" Value="301344241" StatusID="0001"/>
			<Cell CellID="G_31" CellID2="L_24" Encode="1" Value="x" StatusID="0001"/>
			<Cell CellID="H_31" CellID2="N_24" Encode="1" Value="44068717" StatusID="0001"/>
			<Cell CellID="I_31" CellID2="Q_24" Encode="1" Value="0" StatusID="0001"/>
			<Cell CellID="J_31" CellID2="T_24" Encode="1" Value="0" StatusID="0001"/>
			<Cell CellID="K_31" CellID2="W_24" Encode="1" Value="108000000" StatusID="0001"/>
			<Cell CellID="L_31" CellID2="Y_24" Encode="1" Value="0" StatusID="0001"/>
			<Cell CellID="M_31" CellID2="Z_24" Encode="1" Value="5110560" StatusID="0001"/>
			<Cell CellID="N_31" CellID2="AA_24" Encode="1" Value="0" StatusID="0001"/>
			<Cell CellID="O_31" CellID2="AB_24" Encode="1" Value="0" StatusID="0001"/>
			<Cell CellID="P_31" CellID2="AC_24" Encode="1" Value="0" StatusID="0001"/>
			<Cell CellID="Q_31" CellID2="AD_24" Encode="1" Value="0" StatusID="0001"/>
			<Cell CellID="S_31" CellID2="AE_24" Encode="1" Value="0" StatusID="0001"/>
			<Cell CellID="T_31" CellID2="AF_24" Encode="1" Value="0" StatusID="0001"/>
			<Cell CellID="U_31" CellID2="AG_24" Encode="1" Value="0" StatusID="0001"/>
			<Cell CellID="C_31" CellID2="AH_24" Encode="1" Value="" StatusID="0001"/>
		</Cells>
		<Cells>
			<Cell CellID="D_32" CellID2="C_25" FirstCell="1" Encode="1" Value="Trần Văn Đoạn" StatusID="0001"/>
			<Cell CellID="E_32" CellID2="H_25" Encode="1" Value="" StatusID="0001"/>
			<Cell CellID="F_32" CellID2="I_25" Encode="1" Value="371141342" StatusID="0001"/>
			<Cell CellID="G_32" CellID2="L_25" Encode="1" Value="" StatusID="0001"/>
			<Cell CellID="H_32" CellID2="N_25" Encode="1" Value="23968906" StatusID="0001"/>
			<Cell CellID="I_32" CellID2="Q_25" Encode="1" Value="0" StatusID="0001"/>
			<Cell CellID="J_32" CellID2="T_25" Encode="1" Value="0" StatusID="0001"/>
			<Cell CellID="K_32" CellID2="W_25" Encode="1" Value="108000000" StatusID="0001"/>
			<Cell CellID="L_32" CellID2="Y_25" Encode="1" Value="0" StatusID="0001"/>
			<Cell CellID="M_32" CellID2="Z_25" Encode="1" Value="2656920" StatusID="0001"/>
			<Cell CellID="N_32" CellID2="AA_25" Encode="1" Value="0" StatusID="0001"/>
			<Cell CellID="O_32" CellID2="AB_25" Encode="1" Value="0" StatusID="0001"/>
			<Cell CellID="P_32" CellID2="AC_25" Encode="1" Value="0" StatusID="0001"/>
			<Cell CellID="Q_32" CellID2="AD_25" Encode="1" Value="0" StatusID="0001"/>
			<Cell CellID="S_32" CellID2="AE_25" Encode="1" Value="0" StatusID="0001"/>
			<Cell CellID="T_32" CellID2="AF_25" Encode="1" Value="0" StatusID="0001"/>
			<Cell CellID="U_32" CellID2="AG_25" Encode="1" Value="0" StatusID="0001"/>
			<Cell CellID="C_32" CellID2="AH_25" Encode="1" Value="" StatusID="0001"/>
		</Cells>
		<Cells>
			<Cell CellID="D_33" CellID2="C_26" FirstCell="1" Encode="1" Value="Nguyễn Thiị Mỹ Phương" StatusID="0001"/>
			<Cell CellID="E_33" CellID2="H_26" Encode="1" Value="8300083724" StatusID="0001"/>
			<Cell CellID="F_33" CellID2="I_26" Encode="1" Value="191486655" StatusID="0001"/>
			<Cell CellID="G_33" CellID2="L_26" Encode="1" Value="x" StatusID="0001"/>
			<Cell CellID="H_33" CellID2="N_26" Encode="1" Value="3118920" StatusID="0001"/>
			<Cell CellID="I_33" CellID2="Q_26" Encode="1" Value="0" StatusID="0001"/>
			<Cell CellID="J_33" CellID2="T_26" Encode="1" Value="0" StatusID="0001"/>
			<Cell CellID="K_33" CellID2="W_26" Encode="1" Value="108000000" StatusID="0001"/>
			<Cell CellID="L_33" CellID2="Y_26" Encode="1" Value="0" StatusID="0001"/>
			<Cell CellID="M_33" CellID2="Z_26" Encode="1" Value="425880" StatusID="0001"/>
			<Cell CellID="N_33" CellID2="AA_26" Encode="1" Value="0" StatusID="0001"/>
			<Cell CellID="O_33" CellID2="AB_26" Encode="1" Value="0" StatusID="0001"/>
			<Cell CellID="P_33" CellID2="AC_26" Encode="1" Value="0" StatusID="0001"/>
			<Cell CellID="Q_33" CellID2="AD_26" Encode="1" Value="0" StatusID="0001"/>
			<Cell CellID="S_33" CellID2="AE_26" Encode="1" Value="0" StatusID="0001"/>
			<Cell CellID="T_33" CellID2="AF_26" Encode="1" Value="0" StatusID="0001"/>
			<Cell CellID="U_33" CellID2="AG_26" Encode="1" Value="0" StatusID="0001"/>
			<Cell CellID="C_33" CellID2="AH_26" Encode="1" Value="" StatusID="0001"/>
		</Cells>
		<Cells>
			<Cell CellID="D_34" CellID2="C_27" FirstCell="1" Encode="1" Value="Nguyễn Thiện Duyệt" StatusID="0001"/>
			<Cell CellID="E_34" CellID2="H_27" Encode="1" Value="8013811828" StatusID="0001"/>
			<Cell CellID="F_34" CellID2="I_27" Encode="1" Value="022411812" StatusID="0001"/>
			<Cell CellID="G_34" CellID2="L_27" Encode="1" Value="x" StatusID="0001"/>
			<Cell CellID="H_34" CellID2="N_27" Encode="1" Value="23132369" StatusID="0001"/>
			<Cell CellID="I_34" CellID2="Q_27" Encode="1" Value="0" StatusID="0001"/>
			<Cell CellID="J_34" CellID2="T_27" Encode="1" Value="0" StatusID="0001"/>
			<Cell CellID="K_34" CellID2="W_27" Encode="1" Value="108000000" StatusID="0001"/>
			<Cell CellID="L_34" CellID2="Y_27" Encode="1" Value="0" StatusID="0001"/>
			<Cell CellID="M_34" CellID2="Z_27" Encode="1" Value="2555280" StatusID="0001"/>
			<Cell CellID="N_34" CellID2="AA_27" Encode="1" Value="0" StatusID="0001"/>
			<Cell CellID="O_34" CellID2="AB_27" Encode="1" Value="0" StatusID="0001"/>
			<Cell CellID="P_34" CellID2="AC_27" Encode="1" Value="0" StatusID="0001"/>
			<Cell CellID="Q_34" CellID2="AD_27" Encode="1" Value="0" StatusID="0001"/>
			<Cell CellID="S_34" CellID2="AE_27" Encode="1" Value="0" StatusID="0001"/>
			<Cell CellID="T_34" CellID2="AF_27" Encode="1" Value="0" StatusID="0001"/>
			<Cell CellID="U_34" CellID2="AG_27" Encode="1" Value="0" StatusID="0001"/>
			<Cell CellID="C_34" CellID2="AH_27" Encode="1" Value="" StatusID="0001"/>
		</Cells>
		<Cells>
			<Cell CellID="D_35" CellID2="C_28" FirstCell="1" Encode="1" Value=" Lâm Thị Mộng Kiều " StatusID="0001"/>
			<Cell CellID="E_35" CellID2="H_28" Encode="1" Value="8300178662" StatusID="0001"/>
			<Cell CellID="F_35" CellID2="I_28" Encode="1" Value="365683394" StatusID="0001"/>
			<Cell CellID="G_35" CellID2="L_28" Encode="1" Value="x" StatusID="0001"/>
			<Cell CellID="H_35" CellID2="N_28" Encode="1" Value="38109111" StatusID="0001"/>
			<Cell CellID="I_35" CellID2="Q_28" Encode="1" Value="0" StatusID="0001"/>
			<Cell CellID="J_35" CellID2="T_28" Encode="1" Value="0" StatusID="0001"/>
			<Cell CellID="K_35" CellID2="W_28" Encode="1" Value="108000000" StatusID="0001"/>
			<Cell CellID="L_35" CellID2="Y_28" Encode="1" Value="0" StatusID="0001"/>
			<Cell CellID="M_35" CellID2="Z_28" Encode="1" Value="4078620" StatusID="0001"/>
			<Cell CellID="N_35" CellID2="AA_28" Encode="1" Value="0" StatusID="0001"/>
			<Cell CellID="O_35" CellID2="AB_28" Encode="1" Value="0" StatusID="0001"/>
			<Cell CellID="P_35" CellID2="AC_28" Encode="1" Value="0" StatusID="0001"/>
			<Cell CellID="Q_35" CellID2="AD_28" Encode="1" Value="0" StatusID="0001"/>
			<Cell CellID="S_35" CellID2="AE_28" Encode="1" Value="0" StatusID="0001"/>
			<Cell CellID="T_35" CellID2="AF_28" Encode="1" Value="0" StatusID="0001"/>
			<Cell CellID="U_35" CellID2="AG_28" Encode="1" Value="0" StatusID="0001"/>
			<Cell CellID="C_35" CellID2="AH_28" Encode="1" Value="" StatusID="0001"/>
		</Cells>
		<Cells>
			<Cell CellID="D_36" CellID2="C_29" FirstCell="1" Encode="1" Value="Huỳnh Thị Hường" StatusID="0001"/>
			<Cell CellID="E_36" CellID2="H_29" Encode="1" Value="8300178655" StatusID="0001"/>
			<Cell CellID="F_36" CellID2="I_29" Encode="1" Value="301306859" StatusID="0001"/>
			<Cell CellID="G_36" CellID2="L_29" Encode="1" Value="x" StatusID="0001"/>
			<Cell CellID="H_36" CellID2="N_29" Encode="1" Value="34553171" StatusID="0001"/>
			<Cell CellID="I_36" CellID2="Q_29" Encode="1" Value="0" StatusID="0001"/>
			<Cell CellID="J_36" CellID2="T_29" Encode="1" Value="0" StatusID="0001"/>
			<Cell CellID="K_36" CellID2="W_29" Encode="1" Value="108000000" StatusID="0001"/>
			<Cell CellID="L_36" CellID2="Y_29" Encode="1" Value="0" StatusID="0001"/>
			<Cell CellID="M_36" CellID2="Z_29" Encode="1" Value="3708180" StatusID="0001"/>
			<Cell CellID="N_36" CellID2="AA_29" Encode="1" Value="0" StatusID="0001"/>
			<Cell CellID="O_36" CellID2="AB_29" Encode="1" Value="0" StatusID="0001"/>
			<Cell CellID="P_36" CellID2="AC_29" Encode="1" Value="0" StatusID="0001"/>
			<Cell CellID="Q_36" CellID2="AD_29" Encode="1" Value="0" StatusID="0001"/>
			<Cell CellID="S_36" CellID2="AE_29" Encode="1" Value="0" StatusID="0001"/>
			<Cell CellID="T_36" CellID2="AF_29" Encode="1" Value="0" StatusID="0001"/>
			<Cell CellID="U_36" CellID2="AG_29" Encode="1" Value="0" StatusID="0001"/>
			<Cell CellID="C_36" CellID2="AH_29" Encode="1" Value="" StatusID="0001"/>
		</Cells>
		<Cells>
			<Cell CellID="D_37" CellID2="C_30" FirstCell="1" Encode="1" Value="Nguyễn Thị Rong" StatusID="0001"/>
			<Cell CellID="E_37" CellID2="H_30" Encode="1" Value="8300178119" StatusID="0001"/>
			<Cell CellID="F_37" CellID2="I_30" Encode="1" Value="310821340" StatusID="0001"/>
			<Cell CellID="G_37" CellID2="L_30" Encode="1" Value="x" StatusID="0001"/>
			<Cell CellID="H_37" CellID2="N_30" Encode="1" Value="34809556" StatusID="0001"/>
			<Cell CellID="I_37" CellID2="Q_30" Encode="1" Value="0" StatusID="0001"/>
			<Cell CellID="J_37" CellID2="T_30" Encode="1" Value="0" StatusID="0001"/>
			<Cell CellID="K_37" CellID2="W_30" Encode="1" Value="108000000" StatusID="0001"/>
			<Cell CellID="L_37" CellID2="Y_30" Encode="1" Value="0" StatusID="0001"/>
			<Cell CellID="M_37" CellID2="Z_30" Encode="1" Value="3708180" StatusID="0001"/>
			<Cell CellID="N_37" CellID2="AA_30" Encode="1" Value="0" StatusID="0001"/>
			<Cell CellID="O_37" CellID2="AB_30" Encode="1" Value="0" StatusID="0001"/>
			<Cell CellID="P_37" CellID2="AC_30" Encode="1" Value="0" StatusID="0001"/>
			<Cell CellID="Q_37" CellID2="AD_30" Encode="1" Value="0" StatusID="0001"/>
			<Cell CellID="S_37" CellID2="AE_30" Encode="1" Value="0" StatusID="0001"/>
			<Cell CellID="T_37" CellID2="AF_30" Encode="1" Value="0" StatusID="0001"/>
			<Cell CellID="U_37" CellID2="AG_30" Encode="1" Value="0" StatusID="0001"/>
			<Cell CellID="C_37" CellID2="AH_30" Encode="1" Value="" StatusID="0001"/>
		</Cells>
		<Cells>
			<Cell CellID="D_38" CellID2="C_31" FirstCell="1" Encode="1" Value="Sơn Thị Nil" StatusID="0001"/>
			<Cell CellID="E_38" CellID2="H_31" Encode="1" Value="8300178140" StatusID="0001"/>
			<Cell CellID="F_38" CellID2="I_31" Encode="1" Value="365362486" StatusID="0001"/>
			<Cell CellID="G_38" CellID2="L_31" Encode="1" Value="x" StatusID="0001"/>
			<Cell CellID="H_38" CellID2="N_31" Encode="1" Value="34031010" StatusID="0001"/>
			<Cell CellID="I_38" CellID2="Q_31" Encode="1" Value="0" StatusID="0001"/>
			<Cell CellID="J_38" CellID2="T_31" Encode="1" Value="0" StatusID="0001"/>
			<Cell CellID="K_38" CellID2="W_31" Encode="1" Value="108000000" StatusID="0001"/>
			<Cell CellID="L_38" CellID2="Y_31" Encode="1" Value="0" StatusID="0001"/>
			<Cell CellID="M_38" CellID2="Z_31" Encode="1" Value="3708180" StatusID="0001"/>
			<Cell CellID="N_38" CellID2="AA_31" Encode="1" Value="0" StatusID="0001"/>
			<Cell CellID="O_38" CellID2="AB_31" Encode="1" Value="0" StatusID="0001"/>
			<Cell CellID="P_38" CellID2="AC_31" Encode="1" Value="0" StatusID="0001"/>
			<Cell CellID="Q_38" CellID2="AD_31" Encode="1" Value="0" StatusID="0001"/>
			<Cell CellID="S_38" CellID2="AE_31" Encode="1" Value="0" StatusID="0001"/>
			<Cell CellID="T_38" CellID2="AF_31" Encode="1" Value="0" StatusID="0001"/>
			<Cell CellID="U_38" CellID2="AG_31" Encode="1" Value="0" StatusID="0001"/>
			<Cell CellID="C_38" CellID2="AH_31" Encode="1" Value="" StatusID="0001"/>
		</Cells>
		<Cells>
			<Cell CellID="D_39" CellID2="C_32" FirstCell="1" Encode="1" Value="Huỳnh Thị Bé Tha" StatusID="0001"/>
			<Cell CellID="E_39" CellID2="H_32" Encode="1" Value="8300178038" StatusID="0001"/>
			<Cell CellID="F_39" CellID2="I_32" Encode="1" Value="301504028" StatusID="0001"/>
			<Cell CellID="G_39" CellID2="L_32" Encode="1" Value="x" StatusID="0001"/>
			<Cell CellID="H_39" CellID2="N_32" Encode="1" Value="35309748" StatusID="0001"/>
			<Cell CellID="I_39" CellID2="Q_32" Encode="1" Value="0" StatusID="0001"/>
			<Cell CellID="J_39" CellID2="T_32" Encode="1" Value="0" StatusID="0001"/>
			<Cell CellID="K_39" CellID2="W_32" Encode="1" Value="108000000" StatusID="0001"/>
			<Cell CellID="L_39" CellID2="Y_32" Encode="1" Value="0" StatusID="0001"/>
			<Cell CellID="M_39" CellID2="Z_32" Encode="1" Value="3708180" StatusID="0001"/>
			<Cell CellID="N_39" CellID2="AA_32" Encode="1" Value="0" StatusID="0001"/>
			<Cell CellID="O_39" CellID2="AB_32" Encode="1" Value="0" StatusID="0001"/>
			<Cell CellID="P_39" CellID2="AC_32" Encode="1" Value="0" StatusID="0001"/>
			<Cell CellID="Q_39" CellID2="AD_32" Encode="1" Value="0" StatusID="0001"/>
			<Cell CellID="S_39" CellID2="AE_32" Encode="1" Value="0" StatusID="0001"/>
			<Cell CellID="T_39" CellID2="AF_32" Encode="1" Value="0" StatusID="0001"/>
			<Cell CellID="U_39" CellID2="AG_32" Encode="1" Value="0" StatusID="0001"/>
			<Cell CellID="C_39" CellID2="AH_32" Encode="1" Value="" StatusID="0001"/>
		</Cells>
		<Cells>
			<Cell CellID="D_40" CellID2="C_33" FirstCell="1" Encode="1" Value="Huỳnh Thị Bé Thi" StatusID="0001"/>
			<Cell CellID="E_40" CellID2="H_33" Encode="1" Value="8300178045" StatusID="0001"/>
			<Cell CellID="F_40" CellID2="I_33" Encode="1" Value="301346653" StatusID="0001"/>
			<Cell CellID="G_40" CellID2="L_33" Encode="1" Value="x" StatusID="0001"/>
			<Cell CellID="H_40" CellID2="N_33" Encode="1" Value="30708290" StatusID="0001"/>
			<Cell CellID="I_40" CellID2="Q_33" Encode="1" Value="0" StatusID="0001"/>
			<Cell CellID="J_40" CellID2="T_33" Encode="1" Value="0" StatusID="0001"/>
			<Cell CellID="K_40" CellID2="W_33" Encode="1" Value="108000000" StatusID="0001"/>
			<Cell CellID="L_40" CellID2="Y_33" Encode="1" Value="0" StatusID="0001"/>
			<Cell CellID="M_40" CellID2="Z_33" Encode="1" Value="3399165" StatusID="0001"/>
			<Cell CellID="N_40" CellID2="AA_33" Encode="1" Value="0" StatusID="0001"/>
			<Cell CellID="O_40" CellID2="AB_33" Encode="1" Value="0" StatusID="0001"/>
			<Cell CellID="P_40" CellID2="AC_33" Encode="1" Value="0" StatusID="0001"/>
			<Cell CellID="Q_40" CellID2="AD_33" Encode="1" Value="0" StatusID="0001"/>
			<Cell CellID="S_40" CellID2="AE_33" Encode="1" Value="0" StatusID="0001"/>
			<Cell CellID="T_40" CellID2="AF_33" Encode="1" Value="0" StatusID="0001"/>
			<Cell CellID="U_40" CellID2="AG_33" Encode="1" Value="0" StatusID="0001"/>
			<Cell CellID="C_40" CellID2="AH_33" Encode="1" Value="" StatusID="0001"/>
		</Cells>
		<Cells>
			<Cell CellID="D_41" CellID2="C_34" FirstCell="1" Encode="1" Value="Nguyễn Thị Kim Hồng" StatusID="0001"/>
			<Cell CellID="E_41" CellID2="H_34" Encode="1" Value="8300178084" StatusID="0001"/>
			<Cell CellID="F_41" CellID2="I_34" Encode="1" Value="301440832" StatusID="0001"/>
			<Cell CellID="G_41" CellID2="L_34" Encode="1" Value="x" StatusID="0001"/>
			<Cell CellID="H_41" CellID2="N_34" Encode="1" Value="34531203" StatusID="0001"/>
			<Cell CellID="I_41" CellID2="Q_34" Encode="1" Value="0" StatusID="0001"/>
			<Cell CellID="J_41" CellID2="T_34" Encode="1" Value="0" StatusID="0001"/>
			<Cell CellID="K_41" CellID2="W_34" Encode="1" Value="108000000" StatusID="0001"/>
			<Cell CellID="L_41" CellID2="Y_34" Encode="1" Value="0" StatusID="0001"/>
			<Cell CellID="M_41" CellID2="Z_34" Encode="1" Value="3708180" StatusID="0001"/>
			<Cell CellID="N_41" CellID2="AA_34" Encode="1" Value="0" StatusID="0001"/>
			<Cell CellID="O_41" CellID2="AB_34" Encode="1" Value="0" StatusID="0001"/>
			<Cell CellID="P_41" CellID2="AC_34" Encode="1" Value="0" StatusID="0001"/>
			<Cell CellID="Q_41" CellID2="AD_34" Encode="1" Value="0" StatusID="0001"/>
			<Cell CellID="S_41" CellID2="AE_34" Encode="1" Value="0" StatusID="0001"/>
			<Cell CellID="T_41" CellID2="AF_34" Encode="1" Value="0" StatusID="0001"/>
			<Cell CellID="U_41" CellID2="AG_34" Encode="1" Value="0" StatusID="0001"/>
			<Cell CellID="C_41" CellID2="AH_34" Encode="1" Value="" StatusID="0001"/>
		</Cells>
		<Cells>
			<Cell CellID="D_42" CellID2="C_35" FirstCell="1" Encode="1" Value="Nguyễn Thị Lựu" StatusID="0001"/>
			<Cell CellID="E_42" CellID2="H_35" Encode="1" Value="8244236371" StatusID="0001"/>
			<Cell CellID="F_42" CellID2="I_35" Encode="1" Value="300566231" StatusID="0001"/>
			<Cell CellID="G_42" CellID2="L_35" Encode="1" Value="x" StatusID="0001"/>
			<Cell CellID="H_42" CellID2="N_35" Encode="1" Value="34938418" StatusID="0001"/>
			<Cell CellID="I_42" CellID2="Q_35" Encode="1" Value="0" StatusID="0001"/>
			<Cell CellID="J_42" CellID2="T_35" Encode="1" Value="0" StatusID="0001"/>
			<Cell CellID="K_42" CellID2="W_35" Encode="1" Value="108000000" StatusID="0001"/>
			<Cell CellID="L_42" CellID2="Y_35" Encode="1" Value="0" StatusID="0001"/>
			<Cell CellID="M_42" CellID2="Z_35" Encode="1" Value="3708180" StatusID="0001"/>
			<Cell CellID="N_42" CellID2="AA_35" Encode="1" Value="0" StatusID="0001"/>
			<Cell CellID="O_42" CellID2="AB_35" Encode="1" Value="0" StatusID="0001"/>
			<Cell CellID="P_42" CellID2="AC_35" Encode="1" Value="0" StatusID="0001"/>
			<Cell CellID="Q_42" CellID2="AD_35" Encode="1" Value="0" StatusID="0001"/>
			<Cell CellID="S_42" CellID2="AE_35" Encode="1" Value="0" StatusID="0001"/>
			<Cell CellID="T_42" CellID2="AF_35" Encode="1" Value="0" StatusID="0001"/>
			<Cell CellID="U_42" CellID2="AG_35" Encode="1" Value="0" StatusID="0001"/>
			<Cell CellID="C_42" CellID2="AH_35" Encode="1" Value="" StatusID="0001"/>
		</Cells>
		<Cells>
			<Cell CellID="D_43" CellID2="C_36" FirstCell="1" Encode="1" Value="Lý Thị Được" StatusID="0001"/>
			<Cell CellID="E_43" CellID2="H_36" Encode="1" Value="8300177958" StatusID="0001"/>
			<Cell CellID="F_43" CellID2="I_36" Encode="1" Value="366109774" StatusID="0001"/>
			<Cell CellID="G_43" CellID2="L_36" Encode="1" Value="x" StatusID="0001"/>
			<Cell CellID="H_43" CellID2="N_36" Encode="1" Value="34511155" StatusID="0001"/>
			<Cell CellID="I_43" CellID2="Q_36" Encode="1" Value="0" StatusID="0001"/>
			<Cell CellID="J_43" CellID2="T_36" Encode="1" Value="0" StatusID="0001"/>
			<Cell CellID="K_43" CellID2="W_36" Encode="1" Value="108000000" StatusID="0001"/>
			<Cell CellID="L_43" CellID2="Y_36" Encode="1" Value="0" StatusID="0001"/>
			<Cell CellID="M_43" CellID2="Z_36" Encode="1" Value="3708180" StatusID="0001"/>
			<Cell CellID="N_43" CellID2="AA_36" Encode="1" Value="0" StatusID="0001"/>
			<Cell CellID="O_43" CellID2="AB_36" Encode="1" Value="0" StatusID="0001"/>
			<Cell CellID="P_43" CellID2="AC_36" Encode="1" Value="0" StatusID="0001"/>
			<Cell CellID="Q_43" CellID2="AD_36" Encode="1" Value="0" StatusID="0001"/>
			<Cell CellID="S_43" CellID2="AE_36" Encode="1" Value="0" StatusID="0001"/>
			<Cell CellID="T_43" CellID2="AF_36" Encode="1" Value="0" StatusID="0001"/>
			<Cell CellID="U_43" CellID2="AG_36" Encode="1" Value="0" StatusID="0001"/>
			<Cell CellID="C_43" CellID2="AH_36" Encode="1" Value="" StatusID="0001"/>
		</Cells>
		<Cells>
			<Cell CellID="D_44" CellID2="C_37" FirstCell="1" Encode="1" Value="Lý La Quan" StatusID="0001"/>
			<Cell CellID="E_44" CellID2="H_37" Encode="1" Value="8300177940" StatusID="0001"/>
			<Cell CellID="F_44" CellID2="I_37" Encode="1" Value="366033080" StatusID="0001"/>
			<Cell CellID="G_44" CellID2="L_37" Encode="1" Value="x" StatusID="0001"/>
			<Cell CellID="H_44" CellID2="N_37" Encode="1" Value="34929028" StatusID="0001"/>
			<Cell CellID="I_44" CellID2="Q_37" Encode="1" Value="0" StatusID="0001"/>
			<Cell CellID="J_44" CellID2="T_37" Encode="1" Value="0" StatusID="0001"/>
			<Cell CellID="K_44" CellID2="W_37" Encode="1" Value="108000000" StatusID="0001"/>
			<Cell CellID="L_44" CellID2="Y_37" Encode="1" Value="0" StatusID="0001"/>
			<Cell CellID="M_44" CellID2="Z_37" Encode="1" Value="3708180" StatusID="0001"/>
			<Cell CellID="N_44" CellID2="AA_37" Encode="1" Value="0" StatusID="0001"/>
			<Cell CellID="O_44" CellID2="AB_37" Encode="1" Value="0" StatusID="0001"/>
			<Cell CellID="P_44" CellID2="AC_37" Encode="1" Value="0" StatusID="0001"/>
			<Cell CellID="Q_44" CellID2="AD_37" Encode="1" Value="0" StatusID="0001"/>
			<Cell CellID="S_44" CellID2="AE_37" Encode="1" Value="0" StatusID="0001"/>
			<Cell CellID="T_44" CellID2="AF_37" Encode="1" Value="0" StatusID="0001"/>
			<Cell CellID="U_44" CellID2="AG_37" Encode="1" Value="0" StatusID="0001"/>
			<Cell CellID="C_44" CellID2="AH_37" Encode="1" Value="" StatusID="0001"/>
		</Cells>
		<Cells>
			<Cell CellID="D_45" CellID2="C_38" FirstCell="1" Encode="1" Value="Trà Thị Soi" StatusID="0001"/>
			<Cell CellID="E_45" CellID2="H_38" Encode="1" Value="8300177997" StatusID="0001"/>
			<Cell CellID="F_45" CellID2="I_38" Encode="1" Value="365945501" StatusID="0001"/>
			<Cell CellID="G_45" CellID2="L_38" Encode="1" Value="x" StatusID="0001"/>
			<Cell CellID="H_45" CellID2="N_38" Encode="1" Value="34291588" StatusID="0001"/>
			<Cell CellID="I_45" CellID2="Q_38" Encode="1" Value="0" StatusID="0001"/>
			<Cell CellID="J_45" CellID2="T_38" Encode="1" Value="0" StatusID="0001"/>
			<Cell CellID="K_45" CellID2="W_38" Encode="1" Value="108000000" StatusID="0001"/>
			<Cell CellID="L_45" CellID2="Y_38" Encode="1" Value="0" StatusID="0001"/>
			<Cell CellID="M_45" CellID2="Z_38" Encode="1" Value="3708180" StatusID="0001"/>
			<Cell CellID="N_45" CellID2="AA_38" Encode="1" Value="0" StatusID="0001"/>
			<Cell CellID="O_45" CellID2="AB_38" Encode="1" Value="0" StatusID="0001"/>
			<Cell CellID="P_45" CellID2="AC_38" Encode="1" Value="0" StatusID="0001"/>
			<Cell CellID="Q_45" CellID2="AD_38" Encode="1" Value="0" StatusID="0001"/>
			<Cell CellID="S_45" CellID2="AE_38" Encode="1" Value="0" StatusID="0001"/>
			<Cell CellID="T_45" CellID2="AF_38" Encode="1" Value="0" StatusID="0001"/>
			<Cell CellID="U_45" CellID2="AG_38" Encode="1" Value="0" StatusID="0001"/>
			<Cell CellID="C_45" CellID2="AH_38" Encode="1" Value="" StatusID="0001"/>
		</Cells>
		<Cells>
			<Cell CellID="D_46" CellID2="C_39" FirstCell="1" Encode="1" Value="Nguyễn Thị Diễm Hương" StatusID="0001"/>
			<Cell CellID="E_46" CellID2="H_39" Encode="1" Value="" StatusID="0001"/>
			<Cell CellID="F_46" CellID2="I_39" Encode="1" Value="362368353" StatusID="0001"/>
			<Cell CellID="G_46" CellID2="L_39" Encode="1" Value="" StatusID="0001"/>
			<Cell CellID="H_46" CellID2="N_39" Encode="1" Value="8650570" StatusID="0001"/>
			<Cell CellID="I_46" CellID2="Q_39" Encode="1" Value="0" StatusID="0001"/>
			<Cell CellID="J_46" CellID2="T_39" Encode="1" Value="0" StatusID="0001"/>
			<Cell CellID="K_46" CellID2="W_39" Encode="1" Value="108000000" StatusID="0001"/>
			<Cell CellID="L_46" CellID2="Y_39" Encode="1" Value="0" StatusID="0001"/>
			<Cell CellID="M_46" CellID2="Z_39" Encode="1" Value="927045" StatusID="0001"/>
			<Cell CellID="N_46" CellID2="AA_39" Encode="1" Value="0" StatusID="0001"/>
			<Cell CellID="O_46" CellID2="AB_39" Encode="1" Value="0" StatusID="0001"/>
			<Cell CellID="P_46" CellID2="AC_39" Encode="1" Value="0" StatusID="0001"/>
			<Cell CellID="Q_46" CellID2="AD_39" Encode="1" Value="0" StatusID="0001"/>
			<Cell CellID="S_46" CellID2="AE_39" Encode="1" Value="0" StatusID="0001"/>
			<Cell CellID="T_46" CellID2="AF_39" Encode="1" Value="0" StatusID="0001"/>
			<Cell CellID="U_46" CellID2="AG_39" Encode="1" Value="0" StatusID="0001"/>
			<Cell CellID="C_46" CellID2="AH_39" Encode="1" Value="" StatusID="0001"/>
		</Cells>
		<Cells>
			<Cell CellID="D_47" CellID2="C_40" FirstCell="1" Encode="1" Value="Sơn Thị Muỗi Tron" StatusID="0001"/>
			<Cell CellID="E_47" CellID2="H_40" Encode="1" Value="8300177965" StatusID="0001"/>
			<Cell CellID="F_47" CellID2="I_40" Encode="1" Value="366063865" StatusID="0001"/>
			<Cell CellID="G_47" CellID2="L_40" Encode="1" Value="x" StatusID="0001"/>
			<Cell CellID="H_47" CellID2="N_40" Encode="1" Value="35314275" StatusID="0001"/>
			<Cell CellID="I_47" CellID2="Q_40" Encode="1" Value="0" StatusID="0001"/>
			<Cell CellID="J_47" CellID2="T_40" Encode="1" Value="0" StatusID="0001"/>
			<Cell CellID="K_47" CellID2="W_40" Encode="1" Value="108000000" StatusID="0001"/>
			<Cell CellID="L_47" CellID2="Y_40" Encode="1" Value="0" StatusID="0001"/>
			<Cell CellID="M_47" CellID2="Z_40" Encode="1" Value="3708180" StatusID="0001"/>
			<Cell CellID="N_47" CellID2="AA_40" Encode="1" Value="0" StatusID="0001"/>
			<Cell CellID="O_47" CellID2="AB_40" Encode="1" Value="0" StatusID="0001"/>
			<Cell CellID="P_47" CellID2="AC_40" Encode="1" Value="0" StatusID="0001"/>
			<Cell CellID="Q_47" CellID2="AD_40" Encode="1" Value="0" StatusID="0001"/>
			<Cell CellID="S_47" CellID2="AE_40" Encode="1" Value="0" StatusID="0001"/>
			<Cell CellID="T_47" CellID2="AF_40" Encode="1" Value="0" StatusID="0001"/>
			<Cell CellID="U_47" CellID2="AG_40" Encode="1" Value="0" StatusID="0001"/>
			<Cell CellID="C_47" CellID2="AH_40" Encode="1" Value="" StatusID="0001"/>
		</Cells>
		<Cells>
			<Cell CellID="D_48" CellID2="C_41" FirstCell="1" Encode="1" Value="Sơn Thị Thương" StatusID="0001"/>
			<Cell CellID="E_48" CellID2="H_41" Encode="1" Value="8300177972" StatusID="0001"/>
			<Cell CellID="F_48" CellID2="I_41" Encode="1" Value="365362548" StatusID="0001"/>
			<Cell CellID="G_48" CellID2="L_41" Encode="1" Value="x" StatusID="0001"/>
			<Cell CellID="H_48" CellID2="N_41" Encode="1" Value="33604083" StatusID="0001"/>
			<Cell CellID="I_48" CellID2="Q_41" Encode="1" Value="0" StatusID="0001"/>
			<Cell CellID="J_48" CellID2="T_41" Encode="1" Value="0" StatusID="0001"/>
			<Cell CellID="K_48" CellID2="W_41" Encode="1" Value="108000000" StatusID="0001"/>
			<Cell CellID="L_48" CellID2="Y_41" Encode="1" Value="0" StatusID="0001"/>
			<Cell CellID="M_48" CellID2="Z_41" Encode="1" Value="3708180" StatusID="0001"/>
			<Cell CellID="N_48" CellID2="AA_41" Encode="1" Value="0" StatusID="0001"/>
			<Cell CellID="O_48" CellID2="AB_41" Encode="1" Value="0" StatusID="0001"/>
			<Cell CellID="P_48" CellID2="AC_41" Encode="1" Value="0" StatusID="0001"/>
			<Cell CellID="Q_48" CellID2="AD_41" Encode="1" Value="0" StatusID="0001"/>
			<Cell CellID="S_48" CellID2="AE_41" Encode="1" Value="0" StatusID="0001"/>
			<Cell CellID="T_48" CellID2="AF_41" Encode="1" Value="0" StatusID="0001"/>
			<Cell CellID="U_48" CellID2="AG_41" Encode="1" Value="0" StatusID="0001"/>
			<Cell CellID="C_48" CellID2="AH_41" Encode="1" Value="" StatusID="0001"/>
		</Cells>
		<Cells>
			<Cell CellID="D_49" CellID2="C_42" FirstCell="1" Encode="1" Value="Thạch Thị Som Ươne" StatusID="0001"/>
			<Cell CellID="E_49" CellID2="H_42" Encode="1" Value="8221302388" StatusID="0001"/>
			<Cell CellID="F_49" CellID2="I_42" Encode="1" Value="334078369" StatusID="0001"/>
			<Cell CellID="G_49" CellID2="L_42" Encode="1" Value="x" StatusID="0001"/>
			<Cell CellID="H_49" CellID2="N_42" Encode="1" Value="34563475" StatusID="0001"/>
			<Cell CellID="I_49" CellID2="Q_42" Encode="1" Value="0" StatusID="0001"/>
			<Cell CellID="J_49" CellID2="T_42" Encode="1" Value="0" StatusID="0001"/>
			<Cell CellID="K_49" CellID2="W_42" Encode="1" Value="108000000" StatusID="0001"/>
			<Cell CellID="L_49" CellID2="Y_42" Encode="1" Value="0" StatusID="0001"/>
			<Cell CellID="M_49" CellID2="Z_42" Encode="1" Value="3708180" StatusID="0001"/>
			<Cell CellID="N_49" CellID2="AA_42" Encode="1" Value="0" StatusID="0001"/>
			<Cell CellID="O_49" CellID2="AB_42" Encode="1" Value="0" StatusID="0001"/>
			<Cell CellID="P_49" CellID2="AC_42" Encode="1" Value="0" StatusID="0001"/>
			<Cell CellID="Q_49" CellID2="AD_42" Encode="1" Value="0" StatusID="0001"/>
			<Cell CellID="S_49" CellID2="AE_42" Encode="1" Value="0" StatusID="0001"/>
			<Cell CellID="T_49" CellID2="AF_42" Encode="1" Value="0" StatusID="0001"/>
			<Cell CellID="U_49" CellID2="AG_42" Encode="1" Value="0" StatusID="0001"/>
			<Cell CellID="C_49" CellID2="AH_42" Encode="1" Value="" StatusID="0001"/>
		</Cells>
		<Cells>
			<Cell CellID="D_50" CellID2="C_43" FirstCell="1" Encode="1" Value="Huỳnh Thị Như" StatusID="0001"/>
			<Cell CellID="E_50" CellID2="H_43" Encode="1" Value="8300177901" StatusID="0001"/>
			<Cell CellID="F_50" CellID2="I_43" Encode="1" Value="301578509" StatusID="0001"/>
			<Cell CellID="G_50" CellID2="L_43" Encode="1" Value="x" StatusID="0001"/>
			<Cell CellID="H_50" CellID2="N_43" Encode="1" Value="34974883" StatusID="0001"/>
			<Cell CellID="I_50" CellID2="Q_43" Encode="1" Value="0" StatusID="0001"/>
			<Cell CellID="J_50" CellID2="T_43" Encode="1" Value="0" StatusID="0001"/>
			<Cell CellID="K_50" CellID2="W_43" Encode="1" Value="108000000" StatusID="0001"/>
			<Cell CellID="L_50" CellID2="Y_43" Encode="1" Value="0" StatusID="0001"/>
			<Cell CellID="M_50" CellID2="Z_43" Encode="1" Value="3708180" StatusID="0001"/>
			<Cell CellID="N_50" CellID2="AA_43" Encode="1" Value="0" StatusID="0001"/>
			<Cell CellID="O_50" CellID2="AB_43" Encode="1" Value="0" StatusID="0001"/>
			<Cell CellID="P_50" CellID2="AC_43" Encode="1" Value="0" StatusID="0001"/>
			<Cell CellID="Q_50" CellID2="AD_43" Encode="1" Value="0" StatusID="0001"/>
			<Cell CellID="S_50" CellID2="AE_43" Encode="1" Value="0" StatusID="0001"/>
			<Cell CellID="T_50" CellID2="AF_43" Encode="1" Value="0" StatusID="0001"/>
			<Cell CellID="U_50" CellID2="AG_43" Encode="1" Value="0" StatusID="0001"/>
			<Cell CellID="C_50" CellID2="AH_43" Encode="1" Value="" StatusID="0001"/>
		</Cells>
		<Cells>
			<Cell CellID="D_51" CellID2="C_44" FirstCell="1" Encode="1" Value=" Sơn Thị Chành Ny " StatusID="0001"/>
			<Cell CellID="E_51" CellID2="H_44" Encode="1" Value="8104818813" StatusID="0001"/>
			<Cell CellID="F_51" CellID2="I_44" Encode="1" Value="365905180" StatusID="0001"/>
			<Cell CellID="G_51" CellID2="L_44" Encode="1" Value="x" StatusID="0001"/>
			<Cell CellID="H_51" CellID2="N_44" Encode="1" Value="34941940" StatusID="0001"/>
			<Cell CellID="I_51" CellID2="Q_44" Encode="1" Value="0" StatusID="0001"/>
			<Cell CellID="J_51" CellID2="T_44" Encode="1" Value="0" StatusID="0001"/>
			<Cell CellID="K_51" CellID2="W_44" Encode="1" Value="108000000" StatusID="0001"/>
			<Cell CellID="L_51" CellID2="Y_44" Encode="1" Value="0" StatusID="0001"/>
			<Cell CellID="M_51" CellID2="Z_44" Encode="1" Value="3708180" StatusID="0001"/>
			<Cell CellID="N_51" CellID2="AA_44" Encode="1" Value="0" StatusID="0001"/>
			<Cell CellID="O_51" CellID2="AB_44" Encode="1" Value="0" StatusID="0001"/>
			<Cell CellID="P_51" CellID2="AC_44" Encode="1" Value="0" StatusID="0001"/>
			<Cell CellID="Q_51" CellID2="AD_44" Encode="1" Value="0" StatusID="0001"/>
			<Cell CellID="S_51" CellID2="AE_44" Encode="1" Value="0" StatusID="0001"/>
			<Cell CellID="T_51" CellID2="AF_44" Encode="1" Value="0" StatusID="0001"/>
			<Cell CellID="U_51" CellID2="AG_44" Encode="1" Value="0" StatusID="0001"/>
			<Cell CellID="C_51" CellID2="AH_44" Encode="1" Value="" StatusID="0001"/>
		</Cells>
		<Cells>
			<Cell CellID="D_52" CellID2="C_45" FirstCell="1" Encode="1" Value="Sơn Thị Chành Đa" StatusID="0001"/>
			<Cell CellID="E_52" CellID2="H_45" Encode="1" Value="8300177845" StatusID="0001"/>
			<Cell CellID="F_52" CellID2="I_45" Encode="1" Value="366025014" StatusID="0001"/>
			<Cell CellID="G_52" CellID2="L_45" Encode="1" Value="x" StatusID="0001"/>
			<Cell CellID="H_52" CellID2="N_45" Encode="1" Value="35305556" StatusID="0001"/>
			<Cell CellID="I_52" CellID2="Q_45" Encode="1" Value="0" StatusID="0001"/>
			<Cell CellID="J_52" CellID2="T_45" Encode="1" Value="0" StatusID="0001"/>
			<Cell CellID="K_52" CellID2="W_45" Encode="1" Value="108000000" StatusID="0001"/>
			<Cell CellID="L_52" CellID2="Y_45" Encode="1" Value="0" StatusID="0001"/>
			<Cell CellID="M_52" CellID2="Z_45" Encode="1" Value="3708180" StatusID="0001"/>
			<Cell CellID="N_52" CellID2="AA_45" Encode="1" Value="0" StatusID="0001"/>
			<Cell CellID="O_52" CellID2="AB_45" Encode="1" Value="0" StatusID="0001"/>
			<Cell CellID="P_52" CellID2="AC_45" Encode="1" Value="0" StatusID="0001"/>
			<Cell CellID="Q_52" CellID2="AD_45" Encode="1" Value="0" StatusID="0001"/>
			<Cell CellID="S_52" CellID2="AE_45" Encode="1" Value="0" StatusID="0001"/>
			<Cell CellID="T_52" CellID2="AF_45" Encode="1" Value="0" StatusID="0001"/>
			<Cell CellID="U_52" CellID2="AG_45" Encode="1" Value="0" StatusID="0001"/>
			<Cell CellID="C_52" CellID2="AH_45" Encode="1" Value="" StatusID="0001"/>
		</Cells>
		<Cells>
			<Cell CellID="D_53" CellID2="C_46" FirstCell="1" Encode="1" Value="Trần Thị Bích Phượng" StatusID="0001"/>
			<Cell CellID="E_53" CellID2="H_46" Encode="1" Value="" StatusID="0001"/>
			<Cell CellID="F_53" CellID2="I_46" Encode="1" Value="365785683" StatusID="0001"/>
			<Cell CellID="G_53" CellID2="L_46" Encode="1" Value="" StatusID="0001"/>
			<Cell CellID="H_53" CellID2="N_46" Encode="1" Value="34174035" StatusID="0001"/>
			<Cell CellID="I_53" CellID2="Q_46" Encode="1" Value="0" StatusID="0001"/>
			<Cell CellID="J_53" CellID2="T_46" Encode="1" Value="0" StatusID="0001"/>
			<Cell CellID="K_53" CellID2="W_46" Encode="1" Value="108000000" StatusID="0001"/>
			<Cell CellID="L_53" CellID2="Y_46" Encode="1" Value="0" StatusID="0001"/>
			<Cell CellID="M_53" CellID2="Z_46" Encode="1" Value="3708180" StatusID="0001"/>
			<Cell CellID="N_53" CellID2="AA_46" Encode="1" Value="0" StatusID="0001"/>
			<Cell CellID="O_53" CellID2="AB_46" Encode="1" Value="0" StatusID="0001"/>
			<Cell CellID="P_53" CellID2="AC_46" Encode="1" Value="0" StatusID="0001"/>
			<Cell CellID="Q_53" CellID2="AD_46" Encode="1" Value="0" StatusID="0001"/>
			<Cell CellID="S_53" CellID2="AE_46" Encode="1" Value="0" StatusID="0001"/>
			<Cell CellID="T_53" CellID2="AF_46" Encode="1" Value="0" StatusID="0001"/>
			<Cell CellID="U_53" CellID2="AG_46" Encode="1" Value="0" StatusID="0001"/>
			<Cell CellID="C_53" CellID2="AH_46" Encode="1" Value="" StatusID="0001"/>
		</Cells>
		<Cells>
			<Cell CellID="D_54" CellID2="C_47" FirstCell="1" Encode="1" Value="Sơn Thị Trường Sa" StatusID="0001"/>
			<Cell CellID="E_54" CellID2="H_47" Encode="1" Value="8300177877" StatusID="0001"/>
			<Cell CellID="F_54" CellID2="I_47" Encode="1" Value="365914621" StatusID="0001"/>
			<Cell CellID="G_54" CellID2="L_47" Encode="1" Value="x" StatusID="0001"/>
			<Cell CellID="H_54" CellID2="N_47" Encode="1" Value="23406720" StatusID="0001"/>
			<Cell CellID="I_54" CellID2="Q_47" Encode="1" Value="0" StatusID="0001"/>
			<Cell CellID="J_54" CellID2="T_47" Encode="1" Value="0" StatusID="0001"/>
			<Cell CellID="K_54" CellID2="W_47" Encode="1" Value="108000000" StatusID="0001"/>
			<Cell CellID="L_54" CellID2="Y_47" Encode="1" Value="0" StatusID="0001"/>
			<Cell CellID="M_54" CellID2="Z_47" Encode="1" Value="2472120" StatusID="0001"/>
			<Cell CellID="N_54" CellID2="AA_47" Encode="1" Value="0" StatusID="0001"/>
			<Cell CellID="O_54" CellID2="AB_47" Encode="1" Value="0" StatusID="0001"/>
			<Cell CellID="P_54" CellID2="AC_47" Encode="1" Value="0" StatusID="0001"/>
			<Cell CellID="Q_54" CellID2="AD_47" Encode="1" Value="0" StatusID="0001"/>
			<Cell CellID="S_54" CellID2="AE_47" Encode="1" Value="0" StatusID="0001"/>
			<Cell CellID="T_54" CellID2="AF_47" Encode="1" Value="0" StatusID="0001"/>
			<Cell CellID="U_54" CellID2="AG_47" Encode="1" Value="0" StatusID="0001"/>
			<Cell CellID="C_54" CellID2="AH_47" Encode="1" Value="" StatusID="0001"/>
		</Cells>
		<Cells>
			<Cell CellID="D_55" CellID2="C_48" FirstCell="1" Encode="1" Value="Lâm Thị Sà Mít" StatusID="0001"/>
			<Cell CellID="E_55" CellID2="H_48" Encode="1" Value="" StatusID="0001"/>
			<Cell CellID="F_55" CellID2="I_48" Encode="1" Value="361166277" StatusID="0001"/>
			<Cell CellID="G_55" CellID2="L_48" Encode="1" Value="" StatusID="0001"/>
			<Cell CellID="H_55" CellID2="N_48" Encode="1" Value="11137730" StatusID="0001"/>
			<Cell CellID="I_55" CellID2="Q_48" Encode="1" Value="0" StatusID="0001"/>
			<Cell CellID="J_55" CellID2="T_48" Encode="1" Value="0" StatusID="0001"/>
			<Cell CellID="K_55" CellID2="W_48" Encode="1" Value="108000000" StatusID="0001"/>
			<Cell CellID="L_55" CellID2="Y_48" Encode="1" Value="0" StatusID="0001"/>
			<Cell CellID="M_55" CellID2="Z_48" Encode="1" Value="1236060" StatusID="0001"/>
			<Cell CellID="N_55" CellID2="AA_48" Encode="1" Value="0" StatusID="0001"/>
			<Cell CellID="O_55" CellID2="AB_48" Encode="1" Value="0" StatusID="0001"/>
			<Cell CellID="P_55" CellID2="AC_48" Encode="1" Value="0" StatusID="0001"/>
			<Cell CellID="Q_55" CellID2="AD_48" Encode="1" Value="0" StatusID="0001"/>
			<Cell CellID="S_55" CellID2="AE_48" Encode="1" Value="0" StatusID="0001"/>
			<Cell CellID="T_55" CellID2="AF_48" Encode="1" Value="0" StatusID="0001"/>
			<Cell CellID="U_55" CellID2="AG_48" Encode="1" Value="0" StatusID="0001"/>
			<Cell CellID="C_55" CellID2="AH_48" Encode="1" Value="" StatusID="0001"/>
		</Cells>
		<Cells>
			<Cell CellID="D_56" CellID2="C_49" FirstCell="1" Encode="1" Value="Trần Thị Toan" StatusID="0001"/>
			<Cell CellID="E_56" CellID2="H_49" Encode="1" Value="" StatusID="0001"/>
			<Cell CellID="F_56" CellID2="I_49" Encode="1" Value="121594080" StatusID="0001"/>
			<Cell CellID="G_56" CellID2="L_49" Encode="1" Value="" StatusID="0001"/>
			<Cell CellID="H_56" CellID2="N_49" Encode="1" Value="11311108" StatusID="0001"/>
			<Cell CellID="I_56" CellID2="Q_49" Encode="1" Value="0" StatusID="0001"/>
			<Cell CellID="J_56" CellID2="T_49" Encode="1" Value="0" StatusID="0001"/>
			<Cell CellID="K_56" CellID2="W_49" Encode="1" Value="108000000" StatusID="0001"/>
			<Cell CellID="L_56" CellID2="Y_49" Encode="1" Value="0" StatusID="0001"/>
			<Cell CellID="M_56" CellID2="Z_49" Encode="1" Value="1236060" StatusID="0001"/>
			<Cell CellID="N_56" CellID2="AA_49" Encode="1" Value="0" StatusID="0001"/>
			<Cell CellID="O_56" CellID2="AB_49" Encode="1" Value="0" StatusID="0001"/>
			<Cell CellID="P_56" CellID2="AC_49" Encode="1" Value="0" StatusID="0001"/>
			<Cell CellID="Q_56" CellID2="AD_49" Encode="1" Value="0" StatusID="0001"/>
			<Cell CellID="S_56" CellID2="AE_49" Encode="1" Value="0" StatusID="0001"/>
			<Cell CellID="T_56" CellID2="AF_49" Encode="1" Value="0" StatusID="0001"/>
			<Cell CellID="U_56" CellID2="AG_49" Encode="1" Value="0" StatusID="0001"/>
			<Cell CellID="C_56" CellID2="AH_49" Encode="1" Value="" StatusID="0001"/>
		</Cells>
		<Cells>
			<Cell CellID="D_57" CellID2="C_50" FirstCell="1" Encode="1" Value="Nguyễn Hữu Nhơn" StatusID="0001"/>
			<Cell CellID="E_57" CellID2="H_50" Encode="1" Value="" StatusID="0001"/>
			<Cell CellID="F_57" CellID2="I_50" Encode="1" Value="362453930" StatusID="0001"/>
			<Cell CellID="G_57" CellID2="L_50" Encode="1" Value="" StatusID="0001"/>
			<Cell CellID="H_57" CellID2="N_50" Encode="1" Value="8394185" StatusID="0001"/>
			<Cell CellID="I_57" CellID2="Q_50" Encode="1" Value="0" StatusID="0001"/>
			<Cell CellID="J_57" CellID2="T_50" Encode="1" Value="0" StatusID="0001"/>
			<Cell CellID="K_57" CellID2="W_50" Encode="1" Value="108000000" StatusID="0001"/>
			<Cell CellID="L_57" CellID2="Y_50" Encode="1" Value="0" StatusID="0001"/>
			<Cell CellID="M_57" CellID2="Z_50" Encode="1" Value="927045" StatusID="0001"/>
			<Cell CellID="N_57" CellID2="AA_50" Encode="1" Value="0" StatusID="0001"/>
			<Cell CellID="O_57" CellID2="AB_50" Encode="1" Value="0" StatusID="0001"/>
			<Cell CellID="P_57" CellID2="AC_50" Encode="1" Value="0" StatusID="0001"/>
			<Cell CellID="Q_57" CellID2="AD_50" Encode="1" Value="0" StatusID="0001"/>
			<Cell CellID="S_57" CellID2="AE_50" Encode="1" Value="0" StatusID="0001"/>
			<Cell CellID="T_57" CellID2="AF_50" Encode="1" Value="0" StatusID="0001"/>
			<Cell CellID="U_57" CellID2="AG_50" Encode="1" Value="0" StatusID="0001"/>
			<Cell CellID="C_57" CellID2="AH_50" Encode="1" Value="" StatusID="0001"/>
		</Cells>
		<Cells>
			<Cell CellID="D_58" CellID2="C_51" FirstCell="1" Encode="1" Value="Huỳnh Minh Hiếu" StatusID="0001"/>
			<Cell CellID="E_58" CellID2="H_51" Encode="1" Value="" StatusID="0001"/>
			<Cell CellID="F_58" CellID2="I_51" Encode="1" Value="301578507" StatusID="0001"/>
			<Cell CellID="G_58" CellID2="L_51" Encode="1" Value="" StatusID="0001"/>
			<Cell CellID="H_58" CellID2="N_51" Encode="1" Value="11256868" StatusID="0001"/>
			<Cell CellID="I_58" CellID2="Q_51" Encode="1" Value="0" StatusID="0001"/>
			<Cell CellID="J_58" CellID2="T_51" Encode="1" Value="0" StatusID="0001"/>
			<Cell CellID="K_58" CellID2="W_51" Encode="1" Value="108000000" StatusID="0001"/>
			<Cell CellID="L_58" CellID2="Y_51" Encode="1" Value="0" StatusID="0001"/>
			<Cell CellID="M_58" CellID2="Z_51" Encode="1" Value="1236060" StatusID="0001"/>
			<Cell CellID="N_58" CellID2="AA_51" Encode="1" Value="0" StatusID="0001"/>
			<Cell CellID="O_58" CellID2="AB_51" Encode="1" Value="0" StatusID="0001"/>
			<Cell CellID="P_58" CellID2="AC_51" Encode="1" Value="0" StatusID="0001"/>
			<Cell CellID="Q_58" CellID2="AD_51" Encode="1" Value="0" StatusID="0001"/>
			<Cell CellID="S_58" CellID2="AE_51" Encode="1" Value="0" StatusID="0001"/>
			<Cell CellID="T_58" CellID2="AF_51" Encode="1" Value="0" StatusID="0001"/>
			<Cell CellID="U_58" CellID2="AG_51" Encode="1" Value="0" StatusID="0001"/>
			<Cell CellID="C_58" CellID2="AH_51" Encode="1" Value="" StatusID="0001"/>
		</Cells>
		<Cells>
			<Cell CellID="D_59" CellID2="C_52" FirstCell="1" Encode="1" Value="Lý Thị Sà Kha" StatusID="0001"/>
			<Cell CellID="E_59" CellID2="H_52" Encode="1" Value="" StatusID="0001"/>
			<Cell CellID="F_59" CellID2="I_52" Encode="1" Value="365334036" StatusID="0001"/>
			<Cell CellID="G_59" CellID2="L_52" Encode="1" Value="" StatusID="0001"/>
			<Cell CellID="H_59" CellID2="N_52" Encode="1" Value="34916450" StatusID="0001"/>
			<Cell CellID="I_59" CellID2="Q_52" Encode="1" Value="0" StatusID="0001"/>
			<Cell CellID="J_59" CellID2="T_52" Encode="1" Value="0" StatusID="0001"/>
			<Cell CellID="K_59" CellID2="W_52" Encode="1" Value="108000000" StatusID="0001"/>
			<Cell CellID="L_59" CellID2="Y_52" Encode="1" Value="0" StatusID="0001"/>
			<Cell CellID="M_59" CellID2="Z_52" Encode="1" Value="3708180" StatusID="0001"/>
			<Cell CellID="N_59" CellID2="AA_52" Encode="1" Value="0" StatusID="0001"/>
			<Cell CellID="O_59" CellID2="AB_52" Encode="1" Value="0" StatusID="0001"/>
			<Cell CellID="P_59" CellID2="AC_52" Encode="1" Value="0" StatusID="0001"/>
			<Cell CellID="Q_59" CellID2="AD_52" Encode="1" Value="0" StatusID="0001"/>
			<Cell CellID="S_59" CellID2="AE_52" Encode="1" Value="0" StatusID="0001"/>
			<Cell CellID="T_59" CellID2="AF_52" Encode="1" Value="0" StatusID="0001"/>
			<Cell CellID="U_59" CellID2="AG_52" Encode="1" Value="0" StatusID="0001"/>
			<Cell CellID="C_59" CellID2="AH_52" Encode="1" Value="" StatusID="0001"/>
		</Cells>
		<Cells>
			<Cell CellID="D_60" CellID2="C_53" FirstCell="1" Encode="1" Value="Phạm Thành Đô" StatusID="0001"/>
			<Cell CellID="E_60" CellID2="H_53" Encode="1" Value="" StatusID="0001"/>
			<Cell CellID="F_60" CellID2="I_53" Encode="1" Value="301575747" StatusID="0001"/>
			<Cell CellID="G_60" CellID2="L_53" Encode="1" Value="" StatusID="0001"/>
			<Cell CellID="H_60" CellID2="N_53" Encode="1" Value="11655028" StatusID="0001"/>
			<Cell CellID="I_60" CellID2="Q_53" Encode="1" Value="0" StatusID="0001"/>
			<Cell CellID="J_60" CellID2="T_53" Encode="1" Value="0" StatusID="0001"/>
			<Cell CellID="K_60" CellID2="W_53" Encode="1" Value="108000000" StatusID="0001"/>
			<Cell CellID="L_60" CellID2="Y_53" Encode="1" Value="0" StatusID="0001"/>
			<Cell CellID="M_60" CellID2="Z_53" Encode="1" Value="1236060" StatusID="0001"/>
			<Cell CellID="N_60" CellID2="AA_53" Encode="1" Value="0" StatusID="0001"/>
			<Cell CellID="O_60" CellID2="AB_53" Encode="1" Value="0" StatusID="0001"/>
			<Cell CellID="P_60" CellID2="AC_53" Encode="1" Value="0" StatusID="0001"/>
			<Cell CellID="Q_60" CellID2="AD_53" Encode="1" Value="0" StatusID="0001"/>
			<Cell CellID="S_60" CellID2="AE_53" Encode="1" Value="0" StatusID="0001"/>
			<Cell CellID="T_60" CellID2="AF_53" Encode="1" Value="0" StatusID="0001"/>
			<Cell CellID="U_60" CellID2="AG_53" Encode="1" Value="0" StatusID="0001"/>
			<Cell CellID="C_60" CellID2="AH_53" Encode="1" Value="" StatusID="0001"/>
		</Cells>
		<Cells>
			<Cell CellID="D_61" CellID2="C_54" FirstCell="1" Encode="1" Value="Lâm Thị Mộng Thường" StatusID="0001"/>
			<Cell CellID="E_61" CellID2="H_54" Encode="1" Value="" StatusID="0001"/>
			<Cell CellID="F_61" CellID2="I_54" Encode="1" Value="865683396" StatusID="0001"/>
			<Cell CellID="G_61" CellID2="L_54" Encode="1" Value="" StatusID="0001"/>
			<Cell CellID="H_61" CellID2="N_54" Encode="1" Value="25512825" StatusID="0001"/>
			<Cell CellID="I_61" CellID2="Q_54" Encode="1" Value="0" StatusID="0001"/>
			<Cell CellID="J_61" CellID2="T_54" Encode="1" Value="0" StatusID="0001"/>
			<Cell CellID="K_61" CellID2="W_54" Encode="1" Value="108000000" StatusID="0001"/>
			<Cell CellID="L_61" CellID2="Y_54" Encode="1" Value="0" StatusID="0001"/>
			<Cell CellID="M_61" CellID2="Z_54" Encode="1" Value="2781135" StatusID="0001"/>
			<Cell CellID="N_61" CellID2="AA_54" Encode="1" Value="0" StatusID="0001"/>
			<Cell CellID="O_61" CellID2="AB_54" Encode="1" Value="0" StatusID="0001"/>
			<Cell CellID="P_61" CellID2="AC_54" Encode="1" Value="0" StatusID="0001"/>
			<Cell CellID="Q_61" CellID2="AD_54" Encode="1" Value="0" StatusID="0001"/>
			<Cell CellID="S_61" CellID2="AE_54" Encode="1" Value="0" StatusID="0001"/>
			<Cell CellID="T_61" CellID2="AF_54" Encode="1" Value="0" StatusID="0001"/>
			<Cell CellID="U_61" CellID2="AG_54" Encode="1" Value="0" StatusID="0001"/>
			<Cell CellID="C_61" CellID2="AH_54" Encode="1" Value="" StatusID="0001"/>
		</Cells>
		<Cells>
			<Cell CellID="D_62" CellID2="C_55" FirstCell="1" Encode="1" Value="Nguyễn Văn Bé Hai" StatusID="0001"/>
			<Cell CellID="E_62" CellID2="H_55" Encode="1" Value="8300178246" StatusID="0001"/>
			<Cell CellID="F_62" CellID2="I_55" Encode="1" Value="363546204" StatusID="0001"/>
			<Cell CellID="G_62" CellID2="L_55" Encode="1" Value="x" StatusID="0001"/>
			<Cell CellID="H_62" CellID2="N_55" Encode="1" Value="37430055" StatusID="0001"/>
			<Cell CellID="I_62" CellID2="Q_55" Encode="1" Value="0" StatusID="0001"/>
			<Cell CellID="J_62" CellID2="T_55" Encode="1" Value="0" StatusID="0001"/>
			<Cell CellID="K_62" CellID2="W_55" Encode="1" Value="108000000" StatusID="0001"/>
			<Cell CellID="L_62" CellID2="Y_55" Encode="1" Value="0" StatusID="0001"/>
			<Cell CellID="M_62" CellID2="Z_55" Encode="1" Value="4078620" StatusID="0001"/>
			<Cell CellID="N_62" CellID2="AA_55" Encode="1" Value="0" StatusID="0001"/>
			<Cell CellID="O_62" CellID2="AB_55" Encode="1" Value="0" StatusID="0001"/>
			<Cell CellID="P_62" CellID2="AC_55" Encode="1" Value="0" StatusID="0001"/>
			<Cell CellID="Q_62" CellID2="AD_55" Encode="1" Value="0" StatusID="0001"/>
			<Cell CellID="S_62" CellID2="AE_55" Encode="1" Value="0" StatusID="0001"/>
			<Cell CellID="T_62" CellID2="AF_55" Encode="1" Value="0" StatusID="0001"/>
			<Cell CellID="U_62" CellID2="AG_55" Encode="1" Value="0" StatusID="0001"/>
			<Cell CellID="C_62" CellID2="AH_55" Encode="1" Value="" StatusID="0001"/>
		</Cells>
		<Cells>
			<Cell CellID="D_63" CellID2="C_56" FirstCell="1" Encode="1" Value="Thạch Tiền" StatusID="0001"/>
			<Cell CellID="E_63" CellID2="H_56" Encode="1" Value="8300178207" StatusID="0001"/>
			<Cell CellID="F_63" CellID2="I_56" Encode="1" Value="365967887" StatusID="0001"/>
			<Cell CellID="G_63" CellID2="L_56" Encode="1" Value="x" StatusID="0001"/>
			<Cell CellID="H_63" CellID2="N_56" Encode="1" Value="34805363" StatusID="0001"/>
			<Cell CellID="I_63" CellID2="Q_56" Encode="1" Value="0" StatusID="0001"/>
			<Cell CellID="J_63" CellID2="T_56" Encode="1" Value="0" StatusID="0001"/>
			<Cell CellID="K_63" CellID2="W_56" Encode="1" Value="108000000" StatusID="0001"/>
			<Cell CellID="L_63" CellID2="Y_56" Encode="1" Value="0" StatusID="0001"/>
			<Cell CellID="M_63" CellID2="Z_56" Encode="1" Value="3708180" StatusID="0001"/>
			<Cell CellID="N_63" CellID2="AA_56" Encode="1" Value="0" StatusID="0001"/>
			<Cell CellID="O_63" CellID2="AB_56" Encode="1" Value="0" StatusID="0001"/>
			<Cell CellID="P_63" CellID2="AC_56" Encode="1" Value="0" StatusID="0001"/>
			<Cell CellID="Q_63" CellID2="AD_56" Encode="1" Value="0" StatusID="0001"/>
			<Cell CellID="S_63" CellID2="AE_56" Encode="1" Value="0" StatusID="0001"/>
			<Cell CellID="T_63" CellID2="AF_56" Encode="1" Value="0" StatusID="0001"/>
			<Cell CellID="U_63" CellID2="AG_56" Encode="1" Value="0" StatusID="0001"/>
			<Cell CellID="C_63" CellID2="AH_56" Encode="1" Value="" StatusID="0001"/>
		</Cells>
		<Cells>
			<Cell CellID="D_64" CellID2="C_57" FirstCell="1" Encode="1" Value="Hứa Hậu" StatusID="0001"/>
			<Cell CellID="E_64" CellID2="H_57" Encode="1" Value="8300178165" StatusID="0001"/>
			<Cell CellID="F_64" CellID2="I_57" Encode="1" Value="365692184" StatusID="0001"/>
			<Cell CellID="G_64" CellID2="L_57" Encode="1" Value="x" StatusID="0001"/>
			<Cell CellID="H_64" CellID2="N_57" Encode="1" Value="34437555" StatusID="0001"/>
			<Cell CellID="I_64" CellID2="Q_57" Encode="1" Value="0" StatusID="0001"/>
			<Cell CellID="J_64" CellID2="T_57" Encode="1" Value="0" StatusID="0001"/>
			<Cell CellID="K_64" CellID2="W_57" Encode="1" Value="108000000" StatusID="0001"/>
			<Cell CellID="L_64" CellID2="Y_57" Encode="1" Value="0" StatusID="0001"/>
			<Cell CellID="M_64" CellID2="Z_57" Encode="1" Value="3708180" StatusID="0001"/>
			<Cell CellID="N_64" CellID2="AA_57" Encode="1" Value="0" StatusID="0001"/>
			<Cell CellID="O_64" CellID2="AB_57" Encode="1" Value="0" StatusID="0001"/>
			<Cell CellID="P_64" CellID2="AC_57" Encode="1" Value="0" StatusID="0001"/>
			<Cell CellID="Q_64" CellID2="AD_57" Encode="1" Value="0" StatusID="0001"/>
			<Cell CellID="S_64" CellID2="AE_57" Encode="1" Value="0" StatusID="0001"/>
			<Cell CellID="T_64" CellID2="AF_57" Encode="1" Value="0" StatusID="0001"/>
			<Cell CellID="U_64" CellID2="AG_57" Encode="1" Value="0" StatusID="0001"/>
			<Cell CellID="C_64" CellID2="AH_57" Encode="1" Value="" StatusID="0001"/>
		</Cells>
		<Cells>
			<Cell CellID="D_65" CellID2="C_58" FirstCell="1" Encode="1" Value="Sơn Phép" StatusID="0001"/>
			<Cell CellID="E_65" CellID2="H_58" Encode="1" Value="8300178197" StatusID="0001"/>
			<Cell CellID="F_65" CellID2="I_58" Encode="1" Value="365362485" StatusID="0001"/>
			<Cell CellID="G_65" CellID2="L_58" Encode="1" Value="x" StatusID="0001"/>
			<Cell CellID="H_65" CellID2="N_58" Encode="1" Value="34369715" StatusID="0001"/>
			<Cell CellID="I_65" CellID2="Q_58" Encode="1" Value="0" StatusID="0001"/>
			<Cell CellID="J_65" CellID2="T_58" Encode="1" Value="0" StatusID="0001"/>
			<Cell CellID="K_65" CellID2="W_58" Encode="1" Value="108000000" StatusID="0001"/>
			<Cell CellID="L_65" CellID2="Y_58" Encode="1" Value="0" StatusID="0001"/>
			<Cell CellID="M_65" CellID2="Z_58" Encode="1" Value="3708180" StatusID="0001"/>
			<Cell CellID="N_65" CellID2="AA_58" Encode="1" Value="0" StatusID="0001"/>
			<Cell CellID="O_65" CellID2="AB_58" Encode="1" Value="0" StatusID="0001"/>
			<Cell CellID="P_65" CellID2="AC_58" Encode="1" Value="0" StatusID="0001"/>
			<Cell CellID="Q_65" CellID2="AD_58" Encode="1" Value="0" StatusID="0001"/>
			<Cell CellID="S_65" CellID2="AE_58" Encode="1" Value="0" StatusID="0001"/>
			<Cell CellID="T_65" CellID2="AF_58" Encode="1" Value="0" StatusID="0001"/>
			<Cell CellID="U_65" CellID2="AG_58" Encode="1" Value="0" StatusID="0001"/>
			<Cell CellID="C_65" CellID2="AH_58" Encode="1" Value="" StatusID="0001"/>
		</Cells>
		<Cells>
			<Cell CellID="D_66" CellID2="C_59" FirstCell="1" Encode="1" Value="Nguyễn Văn Tâm" StatusID="0001"/>
			<Cell CellID="E_66" CellID2="H_59" Encode="1" Value="8300177838" StatusID="0001"/>
			<Cell CellID="F_66" CellID2="I_59" Encode="1" Value="362307103" StatusID="0001"/>
			<Cell CellID="G_66" CellID2="L_59" Encode="1" Value="x" StatusID="0001"/>
			<Cell CellID="H_66" CellID2="N_59" Encode="1" Value="8650570" StatusID="0001"/>
			<Cell CellID="I_66" CellID2="Q_59" Encode="1" Value="0" StatusID="0001"/>
			<Cell CellID="J_66" CellID2="T_59" Encode="1" Value="0" StatusID="0001"/>
			<Cell CellID="K_66" CellID2="W_59" Encode="1" Value="108000000" StatusID="0001"/>
			<Cell CellID="L_66" CellID2="Y_59" Encode="1" Value="0" StatusID="0001"/>
			<Cell CellID="M_66" CellID2="Z_59" Encode="1" Value="927045" StatusID="0001"/>
			<Cell CellID="N_66" CellID2="AA_59" Encode="1" Value="0" StatusID="0001"/>
			<Cell CellID="O_66" CellID2="AB_59" Encode="1" Value="0" StatusID="0001"/>
			<Cell CellID="P_66" CellID2="AC_59" Encode="1" Value="0" StatusID="0001"/>
			<Cell CellID="Q_66" CellID2="AD_59" Encode="1" Value="0" StatusID="0001"/>
			<Cell CellID="S_66" CellID2="AE_59" Encode="1" Value="0" StatusID="0001"/>
			<Cell CellID="T_66" CellID2="AF_59" Encode="1" Value="0" StatusID="0001"/>
			<Cell CellID="U_66" CellID2="AG_59" Encode="1" Value="0" StatusID="0001"/>
			<Cell CellID="C_66" CellID2="AH_59" Encode="1" Value="" StatusID="0001"/>
		</Cells>
		<Cells>
			<Cell CellID="D_67" CellID2="C_60" FirstCell="1" Encode="1" Value="Sơn Lét" StatusID="0001"/>
			<Cell CellID="E_67" CellID2="H_60" Encode="1" Value="8300177813" StatusID="0001"/>
			<Cell CellID="F_67" CellID2="I_60" Encode="1" Value="365364302" StatusID="0001"/>
			<Cell CellID="G_67" CellID2="L_60" Encode="1" Value="" StatusID="0001"/>
			<Cell CellID="H_67" CellID2="N_60" Encode="1" Value="34304500" StatusID="0001"/>
			<Cell CellID="I_67" CellID2="Q_60" Encode="1" Value="0" StatusID="0001"/>
			<Cell CellID="J_67" CellID2="T_60" Encode="1" Value="0" StatusID="0001"/>
			<Cell CellID="K_67" CellID2="W_60" Encode="1" Value="108000000" StatusID="0001"/>
			<Cell CellID="L_67" CellID2="Y_60" Encode="1" Value="0" StatusID="0001"/>
			<Cell CellID="M_67" CellID2="Z_60" Encode="1" Value="3708180" StatusID="0001"/>
			<Cell CellID="N_67" CellID2="AA_60" Encode="1" Value="0" StatusID="0001"/>
			<Cell CellID="O_67" CellID2="AB_60" Encode="1" Value="0" StatusID="0001"/>
			<Cell CellID="P_67" CellID2="AC_60" Encode="1" Value="0" StatusID="0001"/>
			<Cell CellID="Q_67" CellID2="AD_60" Encode="1" Value="0" StatusID="0001"/>
			<Cell CellID="S_67" CellID2="AE_60" Encode="1" Value="0" StatusID="0001"/>
			<Cell CellID="T_67" CellID2="AF_60" Encode="1" Value="0" StatusID="0001"/>
			<Cell CellID="U_67" CellID2="AG_60" Encode="1" Value="0" StatusID="0001"/>
			<Cell CellID="C_67" CellID2="AH_60" Encode="1" Value="" StatusID="0001"/>
		</Cells>
		<Cells>
			<Cell CellID="D_68" CellID2="C_61" FirstCell="1" Encode="1" Value="Trần Nhiên" StatusID="0001"/>
			<Cell CellID="E_68" CellID2="H_61" Encode="1" Value="" StatusID="0001"/>
			<Cell CellID="F_68" CellID2="I_61" Encode="1" Value="365923345" StatusID="0001"/>
			<Cell CellID="G_68" CellID2="L_61" Encode="1" Value="" StatusID="0001"/>
			<Cell CellID="H_68" CellID2="N_61" Encode="1" Value="34517955" StatusID="0001"/>
			<Cell CellID="I_68" CellID2="Q_61" Encode="1" Value="0" StatusID="0001"/>
			<Cell CellID="J_68" CellID2="T_61" Encode="1" Value="0" StatusID="0001"/>
			<Cell CellID="K_68" CellID2="W_61" Encode="1" Value="108000000" StatusID="0001"/>
			<Cell CellID="L_68" CellID2="Y_61" Encode="1" Value="0" StatusID="0001"/>
			<Cell CellID="M_68" CellID2="Z_61" Encode="1" Value="3708180" StatusID="0001"/>
			<Cell CellID="N_68" CellID2="AA_61" Encode="1" Value="0" StatusID="0001"/>
			<Cell CellID="O_68" CellID2="AB_61" Encode="1" Value="0" StatusID="0001"/>
			<Cell CellID="P_68" CellID2="AC_61" Encode="1" Value="0" StatusID="0001"/>
			<Cell CellID="Q_68" CellID2="AD_61" Encode="1" Value="0" StatusID="0001"/>
			<Cell CellID="S_68" CellID2="AE_61" Encode="1" Value="0" StatusID="0001"/>
			<Cell CellID="T_68" CellID2="AF_61" Encode="1" Value="0" StatusID="0001"/>
			<Cell CellID="U_68" CellID2="AG_61" Encode="1" Value="0" StatusID="0001"/>
			<Cell CellID="C_68" CellID2="AH_61" Encode="1" Value="" StatusID="0001"/>
		</Cells>
		<Cells>
			<Cell CellID="D_69" CellID2="C_62" FirstCell="1" Encode="1" Value="Thạch Giang" StatusID="0001"/>
			<Cell CellID="E_69" CellID2="H_62" Encode="1" Value="" StatusID="0001"/>
			<Cell CellID="F_69" CellID2="I_62" Encode="1" Value="366042867" StatusID="0001"/>
			<Cell CellID="G_69" CellID2="L_62" Encode="1" Value="" StatusID="0001"/>
			<Cell CellID="H_69" CellID2="N_62" Encode="1" Value="34279010" StatusID="0001"/>
			<Cell CellID="I_69" CellID2="Q_62" Encode="1" Value="0" StatusID="0001"/>
			<Cell CellID="J_69" CellID2="T_62" Encode="1" Value="0" StatusID="0001"/>
			<Cell CellID="K_69" CellID2="W_62" Encode="1" Value="108000000" StatusID="0001"/>
			<Cell CellID="L_69" CellID2="Y_62" Encode="1" Value="0" StatusID="0001"/>
			<Cell CellID="M_69" CellID2="Z_62" Encode="1" Value="3708180" StatusID="0001"/>
			<Cell CellID="N_69" CellID2="AA_62" Encode="1" Value="0" StatusID="0001"/>
			<Cell CellID="O_69" CellID2="AB_62" Encode="1" Value="0" StatusID="0001"/>
			<Cell CellID="P_69" CellID2="AC_62" Encode="1" Value="0" StatusID="0001"/>
			<Cell CellID="Q_69" CellID2="AD_62" Encode="1" Value="0" StatusID="0001"/>
			<Cell CellID="S_69" CellID2="AE_62" Encode="1" Value="0" StatusID="0001"/>
			<Cell CellID="T_69" CellID2="AF_62" Encode="1" Value="0" StatusID="0001"/>
			<Cell CellID="U_69" CellID2="AG_62" Encode="1" Value="0" StatusID="0001"/>
			<Cell CellID="C_69" CellID2="AH_62" Encode="1" Value="" StatusID="0001"/>
		</Cells>
		<Cells>
			<Cell CellID="D_70" CellID2="C_63" FirstCell="1" Encode="1" Value="Thạch Quyền" StatusID="0001"/>
			<Cell CellID="E_70" CellID2="H_63" Encode="1" Value="" StatusID="0001"/>
			<Cell CellID="F_70" CellID2="I_63" Encode="1" Value="366042866" StatusID="0001"/>
			<Cell CellID="G_70" CellID2="L_63" Encode="1" Value="" StatusID="0001"/>
			<Cell CellID="H_70" CellID2="N_63" Encode="1" Value="34552836" StatusID="0001"/>
			<Cell CellID="I_70" CellID2="Q_63" Encode="1" Value="0" StatusID="0001"/>
			<Cell CellID="J_70" CellID2="T_63" Encode="1" Value="0" StatusID="0001"/>
			<Cell CellID="K_70" CellID2="W_63" Encode="1" Value="108000000" StatusID="0001"/>
			<Cell CellID="L_70" CellID2="Y_63" Encode="1" Value="0" StatusID="0001"/>
			<Cell CellID="M_70" CellID2="Z_63" Encode="1" Value="3708180" StatusID="0001"/>
			<Cell CellID="N_70" CellID2="AA_63" Encode="1" Value="0" StatusID="0001"/>
			<Cell CellID="O_70" CellID2="AB_63" Encode="1" Value="0" StatusID="0001"/>
			<Cell CellID="P_70" CellID2="AC_63" Encode="1" Value="0" StatusID="0001"/>
			<Cell CellID="Q_70" CellID2="AD_63" Encode="1" Value="0" StatusID="0001"/>
			<Cell CellID="S_70" CellID2="AE_63" Encode="1" Value="0" StatusID="0001"/>
			<Cell CellID="T_70" CellID2="AF_63" Encode="1" Value="0" StatusID="0001"/>
			<Cell CellID="U_70" CellID2="AG_63" Encode="1" Value="0" StatusID="0001"/>
			<Cell CellID="C_70" CellID2="AH_63" Encode="1" Value="" StatusID="0001"/>
		</Cells>
		<Cells>
			<Cell CellID="D_71" CellID2="C_64" FirstCell="1" Encode="1" Value="Lâm Lin" StatusID="0001"/>
			<Cell CellID="E_71" CellID2="H_64" Encode="1" Value="" StatusID="0001"/>
			<Cell CellID="F_71" CellID2="I_64" Encode="1" Value="365362730" StatusID="0001"/>
			<Cell CellID="G_71" CellID2="L_64" Encode="1" Value="" StatusID="0001"/>
			<Cell CellID="H_71" CellID2="N_64" Encode="1" Value="33956723" StatusID="0001"/>
			<Cell CellID="I_71" CellID2="Q_64" Encode="1" Value="0" StatusID="0001"/>
			<Cell CellID="J_71" CellID2="T_64" Encode="1" Value="0" StatusID="0001"/>
			<Cell CellID="K_71" CellID2="W_64" Encode="1" Value="108000000" StatusID="0001"/>
			<Cell CellID="L_71" CellID2="Y_64" Encode="1" Value="0" StatusID="0001"/>
			<Cell CellID="M_71" CellID2="Z_64" Encode="1" Value="3708180" StatusID="0001"/>
			<Cell CellID="N_71" CellID2="AA_64" Encode="1" Value="0" StatusID="0001"/>
			<Cell CellID="O_71" CellID2="AB_64" Encode="1" Value="0" StatusID="0001"/>
			<Cell CellID="P_71" CellID2="AC_64" Encode="1" Value="0" StatusID="0001"/>
			<Cell CellID="Q_71" CellID2="AD_64" Encode="1" Value="0" StatusID="0001"/>
			<Cell CellID="S_71" CellID2="AE_64" Encode="1" Value="0" StatusID="0001"/>
			<Cell CellID="T_71" CellID2="AF_64" Encode="1" Value="0" StatusID="0001"/>
			<Cell CellID="U_71" CellID2="AG_64" Encode="1" Value="0" StatusID="0001"/>
			<Cell CellID="C_71" CellID2="AH_64" Encode="1" Value="" StatusID="0001"/>
		</Cells>
		<Cells>
			<Cell CellID="D_72" CellID2="C_65" FirstCell="1" Encode="1" Value="Lâm Chanh Đa Ra" StatusID="0001"/>
			<Cell CellID="E_72" CellID2="H_65" Encode="1" Value="" StatusID="0001"/>
			<Cell CellID="F_72" CellID2="I_65" Encode="1" Value="365334078" StatusID="0001"/>
			<Cell CellID="G_72" CellID2="L_65" Encode="1" Value="" StatusID="0001"/>
			<Cell CellID="H_72" CellID2="N_65" Encode="1" Value="33060290" StatusID="0001"/>
			<Cell CellID="I_72" CellID2="Q_65" Encode="1" Value="0" StatusID="0001"/>
			<Cell CellID="J_72" CellID2="T_65" Encode="1" Value="0" StatusID="0001"/>
			<Cell CellID="K_72" CellID2="W_65" Encode="1" Value="108000000" StatusID="0001"/>
			<Cell CellID="L_72" CellID2="Y_65" Encode="1" Value="0" StatusID="0001"/>
			<Cell CellID="M_72" CellID2="Z_65" Encode="1" Value="3708180" StatusID="0001"/>
			<Cell CellID="N_72" CellID2="AA_65" Encode="1" Value="0" StatusID="0001"/>
			<Cell CellID="O_72" CellID2="AB_65" Encode="1" Value="0" StatusID="0001"/>
			<Cell CellID="P_72" CellID2="AC_65" Encode="1" Value="0" StatusID="0001"/>
			<Cell CellID="Q_72" CellID2="AD_65" Encode="1" Value="0" StatusID="0001"/>
			<Cell CellID="S_72" CellID2="AE_65" Encode="1" Value="0" StatusID="0001"/>
			<Cell CellID="T_72" CellID2="AF_65" Encode="1" Value="0" StatusID="0001"/>
			<Cell CellID="U_72" CellID2="AG_65" Encode="1" Value="0" StatusID="0001"/>
			<Cell CellID="C_72" CellID2="AH_65" Encode="1" Value="" StatusID="0001"/>
		</Cells>
		<Cells>
			<Cell CellID="D_73" CellID2="C_66" FirstCell="1" Encode="1" Value="Mai Út Hiền" StatusID="0001"/>
			<Cell CellID="E_73" CellID2="H_66" Encode="1" Value="8250225875" StatusID="0001"/>
			<Cell CellID="F_73" CellID2="I_66" Encode="1" Value="301086738" StatusID="0001"/>
			<Cell CellID="G_73" CellID2="L_66" Encode="1" Value="x" StatusID="0001"/>
			<Cell CellID="H_73" CellID2="N_66" Encode="1" Value="47954423" StatusID="0001"/>
			<Cell CellID="I_73" CellID2="Q_66" Encode="1" Value="0" StatusID="0001"/>
			<Cell CellID="J_73" CellID2="T_66" Encode="1" Value="0" StatusID="0001"/>
			<Cell CellID="K_73" CellID2="W_66" Encode="1" Value="108000000" StatusID="0001"/>
			<Cell CellID="L_73" CellID2="Y_66" Encode="1" Value="0" StatusID="0001"/>
			<Cell CellID="M_73" CellID2="Z_66" Encode="1" Value="5463360" StatusID="0001"/>
			<Cell CellID="N_73" CellID2="AA_66" Encode="1" Value="0" StatusID="0001"/>
			<Cell CellID="O_73" CellID2="AB_66" Encode="1" Value="0" StatusID="0001"/>
			<Cell CellID="P_73" CellID2="AC_66" Encode="1" Value="0" StatusID="0001"/>
			<Cell CellID="Q_73" CellID2="AD_66" Encode="1" Value="0" StatusID="0001"/>
			<Cell CellID="S_73" CellID2="AE_66" Encode="1" Value="0" StatusID="0001"/>
			<Cell CellID="T_73" CellID2="AF_66" Encode="1" Value="0" StatusID="0001"/>
			<Cell CellID="U_73" CellID2="AG_66" Encode="1" Value="0" StatusID="0001"/>
			<Cell CellID="C_73" CellID2="AH_66" Encode="1" Value="" StatusID="0001"/>
		</Cells>
	</Section>
</Sections>
